id,x_studio_structure_details_line_ids/id,x_studio_structure_master_id/id
Jinasena_MasterData_Purchase.import_rfq_charge_li_id_12225,Jinasena_MasterData_Purchase.structure_details_id_839,Jinasena_MasterData_Purchase.structure_master_vat_nbt_load_to_gl_jam
Jinasena_MasterData_Purchase.import_rfq_charge_li_id_12226,Jinasena_MasterData_Purchase.structure_details_id_840,Jinasena_MasterData_Purchase.structure_master_vat_nbt_load_to_gl_jam
Jinasena_MasterData_Purchase.import_rfq_charge_li_id_12227,Jinasena_MasterData_Purchase.structure_details_id_841,Jinasena_MasterData_Purchase.structure_master_vat_nbt_load_to_gl_jam
Jinasena_MasterData_Purchase.import_rfq_charge_li_id_12228,Jinasena_MasterData_Purchase.structure_details_id_842,Jinasena_MasterData_Purchase.structure_master_vat_nbt_load_to_gl_jam
Jinasena_MasterData_Purchase.import_rfq_charge_li_id_12229,Jinasena_MasterData_Purchase.structure_details_id_843,Jinasena_MasterData_Purchase.structure_master_vat_nbt_load_to_gl_jam
Jinasena_MasterData_Purchase.import_rfq_charge_li_id_12230,Jinasena_MasterData_Purchase.structure_details_id_844,Jinasena_MasterData_Purchase.structure_master_vat_nbt_load_to_gl_jam
Jinasena_MasterData_Purchase.import_rfq_charge_li_id_12231,Jinasena_MasterData_Purchase.structure_details_id_845,Jinasena_MasterData_Purchase.structure_master_vat_nbt_load_to_gl_jam
Jinasena_MasterData_Purchase.import_rfq_charge_li_id_12232,Jinasena_MasterData_Purchase.structure_details_id_846,Jinasena_MasterData_Purchase.structure_master_vat_nbt_load_to_gl_jam
Jinasena_MasterData_Purchase.import_rfq_charge_li_id_12233,Jinasena_MasterData_Purchase.structure_details_id_847,Jinasena_MasterData_Purchase.structure_master_vat_nbt_load_to_gl_jam
Jinasena_MasterData_Purchase.import_rfq_charge_li_id_12234,Jinasena_MasterData_Purchase.structure_details_id_848,Jinasena_MasterData_Purchase.structure_master_vat_nbt_load_to_gl_jam
Jinasena_MasterData_Purchase.import_rfq_charge_li_id_12235,Jinasena_MasterData_Purchase.structure_details_id_849,Jinasena_MasterData_Purchase.structure_master_vat_nbt_load_to_gl_jam
Jinasena_MasterData_Purchase.import_rfq_charge_li_id_12236,Jinasena_MasterData_Purchase.structure_details_id_850,Jinasena_MasterData_Purchase.structure_master_vat_nbt_load_to_gl_jam
Jinasena_MasterData_Purchase.import_rfq_charge_li_id_12237,Jinasena_MasterData_Purchase.structure_details_id_851,Jinasena_MasterData_Purchase.structure_master_vat_nbt_load_to_gl_jam
Jinasena_MasterData_Purchase.import_rfq_charge_li_id_12238,Jinasena_MasterData_Purchase.structure_details_id_852,Jinasena_MasterData_Purchase.structure_master_vat_nbt_load_to_gl_jam
Jinasena_MasterData_Purchase.import_rfq_charge_li_id_12239,Jinasena_MasterData_Purchase.structure_details_id_853,Jinasena_MasterData_Purchase.structure_master_vat_nbt_load_to_gl_jam
Jinasena_MasterData_Purchase.import_rfq_charge_li_id_12240,Jinasena_MasterData_Purchase.structure_details_id_854,Jinasena_MasterData_Purchase.structure_master_vat_nbt_load_to_gl_jam
Jinasena_MasterData_Purchase.import_rfq_charge_li_id_12241,Jinasena_MasterData_Purchase.structure_details_id_855,Jinasena_MasterData_Purchase.structure_master_vat_nbt_load_to_gl_jam
Jinasena_MasterData_Purchase.import_rfq_charge_li_id_12242,Jinasena_MasterData_Purchase.structure_details_id_856,Jinasena_MasterData_Purchase.structure_master_vat_nbt_load_to_gl_jam
Jinasena_MasterData_Purchase.import_rfq_charge_li_id_12243,Jinasena_MasterData_Purchase.structure_details_id_857,Jinasena_MasterData_Purchase.structure_master_vat_nbt_load_to_gl_jam
Jinasena_MasterData_Purchase.import_rfq_charge_li_id_12244,Jinasena_MasterData_Purchase.structure_details_id_858,Jinasena_MasterData_Purchase.structure_master_vat_nbt_load_to_gl_jam
Jinasena_MasterData_Purchase.import_rfq_charge_li_id_12245,Jinasena_MasterData_Purchase.structure_details_id_859,Jinasena_MasterData_Purchase.structure_master_vat_nbt_load_to_gl_jam
Jinasena_MasterData_Purchase.import_rfq_charge_li_id_12246,Jinasena_MasterData_Purchase.structure_details_id_860,Jinasena_MasterData_Purchase.structure_master_vat_nbt_load_to_gl_jam
Jinasena_MasterData_Purchase.import_rfq_charge_li_id_12247,Jinasena_MasterData_Purchase.structure_details_id_839,Jinasena_MasterData_Purchase.structure_master_vat_nbt_load_to_gl_jam
Jinasena_MasterData_Purchase.import_rfq_charge_li_id_12248,Jinasena_MasterData_Purchase.structure_details_id_840,Jinasena_MasterData_Purchase.structure_master_vat_nbt_load_to_gl_jam
Jinasena_MasterData_Purchase.import_rfq_charge_li_id_12249,Jinasena_MasterData_Purchase.structure_details_id_841,Jinasena_MasterData_Purchase.structure_master_vat_nbt_load_to_gl_jam
Jinasena_MasterData_Purchase.import_rfq_charge_li_id_12250,Jinasena_MasterData_Purchase.structure_details_id_842,Jinasena_MasterData_Purchase.structure_master_vat_nbt_load_to_gl_jam
Jinasena_MasterData_Purchase.import_rfq_charge_li_id_12251,Jinasena_MasterData_Purchase.structure_details_id_843,Jinasena_MasterData_Purchase.structure_master_vat_nbt_load_to_gl_jam
Jinasena_MasterData_Purchase.import_rfq_charge_li_id_12252,Jinasena_MasterData_Purchase.structure_details_id_844,Jinasena_MasterData_Purchase.structure_master_vat_nbt_load_to_gl_jam
Jinasena_MasterData_Purchase.import_rfq_charge_li_id_12253,Jinasena_MasterData_Purchase.structure_details_id_845,Jinasena_MasterData_Purchase.structure_master_vat_nbt_load_to_gl_jam
Jinasena_MasterData_Purchase.import_rfq_charge_li_id_12254,Jinasena_MasterData_Purchase.structure_details_id_846,Jinasena_MasterData_Purchase.structure_master_vat_nbt_load_to_gl_jam
Jinasena_MasterData_Purchase.import_rfq_charge_li_id_12255,Jinasena_MasterData_Purchase.structure_details_id_847,Jinasena_MasterData_Purchase.structure_master_vat_nbt_load_to_gl_jam
Jinasena_MasterData_Purchase.import_rfq_charge_li_id_12256,Jinasena_MasterData_Purchase.structure_details_id_848,Jinasena_MasterData_Purchase.structure_master_vat_nbt_load_to_gl_jam
Jinasena_MasterData_Purchase.import_rfq_charge_li_id_12257,Jinasena_MasterData_Purchase.structure_details_id_849,Jinasena_MasterData_Purchase.structure_master_vat_nbt_load_to_gl_jam
Jinasena_MasterData_Purchase.import_rfq_charge_li_id_12258,Jinasena_MasterData_Purchase.structure_details_id_850,Jinasena_MasterData_Purchase.structure_master_vat_nbt_load_to_gl_jam
Jinasena_MasterData_Purchase.import_rfq_charge_li_id_12259,Jinasena_MasterData_Purchase.structure_details_id_851,Jinasena_MasterData_Purchase.structure_master_vat_nbt_load_to_gl_jam
Jinasena_MasterData_Purchase.import_rfq_charge_li_id_12260,Jinasena_MasterData_Purchase.structure_details_id_852,Jinasena_MasterData_Purchase.structure_master_vat_nbt_load_to_gl_jam
Jinasena_MasterData_Purchase.import_rfq_charge_li_id_12261,Jinasena_MasterData_Purchase.structure_details_id_853,Jinasena_MasterData_Purchase.structure_master_vat_nbt_load_to_gl_jam
Jinasena_MasterData_Purchase.import_rfq_charge_li_id_12262,Jinasena_MasterData_Purchase.structure_details_id_854,Jinasena_MasterData_Purchase.structure_master_vat_nbt_load_to_gl_jam
Jinasena_MasterData_Purchase.import_rfq_charge_li_id_12263,Jinasena_MasterData_Purchase.structure_details_id_855,Jinasena_MasterData_Purchase.structure_master_vat_nbt_load_to_gl_jam
Jinasena_MasterData_Purchase.import_rfq_charge_li_id_12264,Jinasena_MasterData_Purchase.structure_details_id_856,Jinasena_MasterData_Purchase.structure_master_vat_nbt_load_to_gl_jam
Jinasena_MasterData_Purchase.import_rfq_charge_li_id_12265,Jinasena_MasterData_Purchase.structure_details_id_857,Jinasena_MasterData_Purchase.structure_master_vat_nbt_load_to_gl_jam
Jinasena_MasterData_Purchase.import_rfq_charge_li_id_12266,Jinasena_MasterData_Purchase.structure_details_id_858,Jinasena_MasterData_Purchase.structure_master_vat_nbt_load_to_gl_jam
Jinasena_MasterData_Purchase.import_rfq_charge_li_id_12267,Jinasena_MasterData_Purchase.structure_details_id_859,Jinasena_MasterData_Purchase.structure_master_vat_nbt_load_to_gl_jam
Jinasena_MasterData_Purchase.import_rfq_charge_li_id_12268,Jinasena_MasterData_Purchase.structure_details_id_860,Jinasena_MasterData_Purchase.structure_master_vat_nbt_load_to_gl_jam
Jinasena_MasterData_Purchase.import_rfq_charge_li_id_12269,Jinasena_MasterData_Purchase.structure_details_id_839,Jinasena_MasterData_Purchase.structure_master_vat_nbt_load_to_gl_jam
Jinasena_MasterData_Purchase.import_rfq_charge_li_id_12270,Jinasena_MasterData_Purchase.structure_details_id_840,Jinasena_MasterData_Purchase.structure_master_vat_nbt_load_to_gl_jam
Jinasena_MasterData_Purchase.import_rfq_charge_li_id_12271,Jinasena_MasterData_Purchase.structure_details_id_841,Jinasena_MasterData_Purchase.structure_master_vat_nbt_load_to_gl_jam
Jinasena_MasterData_Purchase.import_rfq_charge_li_id_12272,Jinasena_MasterData_Purchase.structure_details_id_842,Jinasena_MasterData_Purchase.structure_master_vat_nbt_load_to_gl_jam
Jinasena_MasterData_Purchase.import_rfq_charge_li_id_12273,Jinasena_MasterData_Purchase.structure_details_id_843,Jinasena_MasterData_Purchase.structure_master_vat_nbt_load_to_gl_jam
Jinasena_MasterData_Purchase.import_rfq_charge_li_id_12274,Jinasena_MasterData_Purchase.structure_details_id_844,Jinasena_MasterData_Purchase.structure_master_vat_nbt_load_to_gl_jam
Jinasena_MasterData_Purchase.import_rfq_charge_li_id_12275,Jinasena_MasterData_Purchase.structure_details_id_845,Jinasena_MasterData_Purchase.structure_master_vat_nbt_load_to_gl_jam
Jinasena_MasterData_Purchase.import_rfq_charge_li_id_12276,Jinasena_MasterData_Purchase.structure_details_id_846,Jinasena_MasterData_Purchase.structure_master_vat_nbt_load_to_gl_jam
Jinasena_MasterData_Purchase.import_rfq_charge_li_id_12277,Jinasena_MasterData_Purchase.structure_details_id_847,Jinasena_MasterData_Purchase.structure_master_vat_nbt_load_to_gl_jam
Jinasena_MasterData_Purchase.import_rfq_charge_li_id_12278,Jinasena_MasterData_Purchase.structure_details_id_848,Jinasena_MasterData_Purchase.structure_master_vat_nbt_load_to_gl_jam
Jinasena_MasterData_Purchase.import_rfq_charge_li_id_12279,Jinasena_MasterData_Purchase.structure_details_id_849,Jinasena_MasterData_Purchase.structure_master_vat_nbt_load_to_gl_jam
Jinasena_MasterData_Purchase.import_rfq_charge_li_id_12280,Jinasena_MasterData_Purchase.structure_details_id_850,Jinasena_MasterData_Purchase.structure_master_vat_nbt_load_to_gl_jam
Jinasena_MasterData_Purchase.import_rfq_charge_li_id_12281,Jinasena_MasterData_Purchase.structure_details_id_851,Jinasena_MasterData_Purchase.structure_master_vat_nbt_load_to_gl_jam
Jinasena_MasterData_Purchase.import_rfq_charge_li_id_12282,Jinasena_MasterData_Purchase.structure_details_id_852,Jinasena_MasterData_Purchase.structure_master_vat_nbt_load_to_gl_jam
Jinasena_MasterData_Purchase.import_rfq_charge_li_id_12283,Jinasena_MasterData_Purchase.structure_details_id_853,Jinasena_MasterData_Purchase.structure_master_vat_nbt_load_to_gl_jam
Jinasena_MasterData_Purchase.import_rfq_charge_li_id_12284,Jinasena_MasterData_Purchase.structure_details_id_854,Jinasena_MasterData_Purchase.structure_master_vat_nbt_load_to_gl_jam
Jinasena_MasterData_Purchase.import_rfq_charge_li_id_12285,Jinasena_MasterData_Purchase.structure_details_id_855,Jinasena_MasterData_Purchase.structure_master_vat_nbt_load_to_gl_jam
Jinasena_MasterData_Purchase.import_rfq_charge_li_id_12286,Jinasena_MasterData_Purchase.structure_details_id_856,Jinasena_MasterData_Purchase.structure_master_vat_nbt_load_to_gl_jam
Jinasena_MasterData_Purchase.import_rfq_charge_li_id_12287,Jinasena_MasterData_Purchase.structure_details_id_857,Jinasena_MasterData_Purchase.structure_master_vat_nbt_load_to_gl_jam
Jinasena_MasterData_Purchase.import_rfq_charge_li_id_12288,Jinasena_MasterData_Purchase.structure_details_id_858,Jinasena_MasterData_Purchase.structure_master_vat_nbt_load_to_gl_jam
Jinasena_MasterData_Purchase.import_rfq_charge_li_id_12289,Jinasena_MasterData_Purchase.structure_details_id_859,Jinasena_MasterData_Purchase.structure_master_vat_nbt_load_to_gl_jam
Jinasena_MasterData_Purchase.import_rfq_charge_li_id_12290,Jinasena_MasterData_Purchase.structure_details_id_860,Jinasena_MasterData_Purchase.structure_master_vat_nbt_load_to_gl_jam
Jinasena_MasterData_Purchase.import_rfq_charge_li_id_12291,Jinasena_MasterData_Purchase.structure_details_id_839,Jinasena_MasterData_Purchase.structure_master_vat_nbt_load_to_gl_jam
Jinasena_MasterData_Purchase.import_rfq_charge_li_id_12292,Jinasena_MasterData_Purchase.structure_details_id_840,Jinasena_MasterData_Purchase.structure_master_vat_nbt_load_to_gl_jam
Jinasena_MasterData_Purchase.import_rfq_charge_li_id_12293,Jinasena_MasterData_Purchase.structure_details_id_841,Jinasena_MasterData_Purchase.structure_master_vat_nbt_load_to_gl_jam
Jinasena_MasterData_Purchase.import_rfq_charge_li_id_12294,Jinasena_MasterData_Purchase.structure_details_id_842,Jinasena_MasterData_Purchase.structure_master_vat_nbt_load_to_gl_jam
Jinasena_MasterData_Purchase.import_rfq_charge_li_id_12295,Jinasena_MasterData_Purchase.structure_details_id_843,Jinasena_MasterData_Purchase.structure_master_vat_nbt_load_to_gl_jam
Jinasena_MasterData_Purchase.import_rfq_charge_li_id_12296,Jinasena_MasterData_Purchase.structure_details_id_844,Jinasena_MasterData_Purchase.structure_master_vat_nbt_load_to_gl_jam
Jinasena_MasterData_Purchase.import_rfq_charge_li_id_12297,Jinasena_MasterData_Purchase.structure_details_id_845,Jinasena_MasterData_Purchase.structure_master_vat_nbt_load_to_gl_jam
Jinasena_MasterData_Purchase.import_rfq_charge_li_id_12298,Jinasena_MasterData_Purchase.structure_details_id_846,Jinasena_MasterData_Purchase.structure_master_vat_nbt_load_to_gl_jam
Jinasena_MasterData_Purchase.import_rfq_charge_li_id_12299,Jinasena_MasterData_Purchase.structure_details_id_847,Jinasena_MasterData_Purchase.structure_master_vat_nbt_load_to_gl_jam
Jinasena_MasterData_Purchase.import_rfq_charge_li_id_12300,Jinasena_MasterData_Purchase.structure_details_id_848,Jinasena_MasterData_Purchase.structure_master_vat_nbt_load_to_gl_jam
Jinasena_MasterData_Purchase.import_rfq_charge_li_id_12301,Jinasena_MasterData_Purchase.structure_details_id_849,Jinasena_MasterData_Purchase.structure_master_vat_nbt_load_to_gl_jam
Jinasena_MasterData_Purchase.import_rfq_charge_li_id_12302,Jinasena_MasterData_Purchase.structure_details_id_850,Jinasena_MasterData_Purchase.structure_master_vat_nbt_load_to_gl_jam
Jinasena_MasterData_Purchase.import_rfq_charge_li_id_12303,Jinasena_MasterData_Purchase.structure_details_id_851,Jinasena_MasterData_Purchase.structure_master_vat_nbt_load_to_gl_jam
Jinasena_MasterData_Purchase.import_rfq_charge_li_id_12304,Jinasena_MasterData_Purchase.structure_details_id_852,Jinasena_MasterData_Purchase.structure_master_vat_nbt_load_to_gl_jam
Jinasena_MasterData_Purchase.import_rfq_charge_li_id_12305,Jinasena_MasterData_Purchase.structure_details_id_853,Jinasena_MasterData_Purchase.structure_master_vat_nbt_load_to_gl_jam
Jinasena_MasterData_Purchase.import_rfq_charge_li_id_12306,Jinasena_MasterData_Purchase.structure_details_id_854,Jinasena_MasterData_Purchase.structure_master_vat_nbt_load_to_gl_jam
Jinasena_MasterData_Purchase.import_rfq_charge_li_id_12307,Jinasena_MasterData_Purchase.structure_details_id_855,Jinasena_MasterData_Purchase.structure_master_vat_nbt_load_to_gl_jam
Jinasena_MasterData_Purchase.import_rfq_charge_li_id_12308,Jinasena_MasterData_Purchase.structure_details_id_856,Jinasena_MasterData_Purchase.structure_master_vat_nbt_load_to_gl_jam
Jinasena_MasterData_Purchase.import_rfq_charge_li_id_12309,Jinasena_MasterData_Purchase.structure_details_id_857,Jinasena_MasterData_Purchase.structure_master_vat_nbt_load_to_gl_jam
Jinasena_MasterData_Purchase.import_rfq_charge_li_id_12310,Jinasena_MasterData_Purchase.structure_details_id_858,Jinasena_MasterData_Purchase.structure_master_vat_nbt_load_to_gl_jam
Jinasena_MasterData_Purchase.import_rfq_charge_li_id_12311,Jinasena_MasterData_Purchase.structure_details_id_859,Jinasena_MasterData_Purchase.structure_master_vat_nbt_load_to_gl_jam
Jinasena_MasterData_Purchase.import_rfq_charge_li_id_12312,Jinasena_MasterData_Purchase.structure_details_id_860,Jinasena_MasterData_Purchase.structure_master_vat_nbt_load_to_gl_jam
Jinasena_MasterData_Purchase.import_rfq_charge_li_id_12313,Jinasena_MasterData_Purchase.structure_details_id_839,Jinasena_MasterData_Purchase.structure_master_vat_nbt_load_to_gl_jam
Jinasena_MasterData_Purchase.import_rfq_charge_li_id_12314,Jinasena_MasterData_Purchase.structure_details_id_840,Jinasena_MasterData_Purchase.structure_master_vat_nbt_load_to_gl_jam
Jinasena_MasterData_Purchase.import_rfq_charge_li_id_12315,Jinasena_MasterData_Purchase.structure_details_id_841,Jinasena_MasterData_Purchase.structure_master_vat_nbt_load_to_gl_jam
Jinasena_MasterData_Purchase.import_rfq_charge_li_id_12316,Jinasena_MasterData_Purchase.structure_details_id_842,Jinasena_MasterData_Purchase.structure_master_vat_nbt_load_to_gl_jam
Jinasena_MasterData_Purchase.import_rfq_charge_li_id_12317,Jinasena_MasterData_Purchase.structure_details_id_843,Jinasena_MasterData_Purchase.structure_master_vat_nbt_load_to_gl_jam
Jinasena_MasterData_Purchase.import_rfq_charge_li_id_12318,Jinasena_MasterData_Purchase.structure_details_id_844,Jinasena_MasterData_Purchase.structure_master_vat_nbt_load_to_gl_jam
Jinasena_MasterData_Purchase.import_rfq_charge_li_id_12319,Jinasena_MasterData_Purchase.structure_details_id_845,Jinasena_MasterData_Purchase.structure_master_vat_nbt_load_to_gl_jam
Jinasena_MasterData_Purchase.import_rfq_charge_li_id_12320,Jinasena_MasterData_Purchase.structure_details_id_846,Jinasena_MasterData_Purchase.structure_master_vat_nbt_load_to_gl_jam
Jinasena_MasterData_Purchase.import_rfq_charge_li_id_12321,Jinasena_MasterData_Purchase.structure_details_id_847,Jinasena_MasterData_Purchase.structure_master_vat_nbt_load_to_gl_jam
Jinasena_MasterData_Purchase.import_rfq_charge_li_id_12322,Jinasena_MasterData_Purchase.structure_details_id_848,Jinasena_MasterData_Purchase.structure_master_vat_nbt_load_to_gl_jam
Jinasena_MasterData_Purchase.import_rfq_charge_li_id_12323,Jinasena_MasterData_Purchase.structure_details_id_849,Jinasena_MasterData_Purchase.structure_master_vat_nbt_load_to_gl_jam
Jinasena_MasterData_Purchase.import_rfq_charge_li_id_12324,Jinasena_MasterData_Purchase.structure_details_id_850,Jinasena_MasterData_Purchase.structure_master_vat_nbt_load_to_gl_jam
Jinasena_MasterData_Purchase.import_rfq_charge_li_id_12325,Jinasena_MasterData_Purchase.structure_details_id_851,Jinasena_MasterData_Purchase.structure_master_vat_nbt_load_to_gl_jam
Jinasena_MasterData_Purchase.import_rfq_charge_li_id_12326,Jinasena_MasterData_Purchase.structure_details_id_852,Jinasena_MasterData_Purchase.structure_master_vat_nbt_load_to_gl_jam
Jinasena_MasterData_Purchase.import_rfq_charge_li_id_12327,Jinasena_MasterData_Purchase.structure_details_id_853,Jinasena_MasterData_Purchase.structure_master_vat_nbt_load_to_gl_jam
Jinasena_MasterData_Purchase.import_rfq_charge_li_id_12328,Jinasena_MasterData_Purchase.structure_details_id_854,Jinasena_MasterData_Purchase.structure_master_vat_nbt_load_to_gl_jam
Jinasena_MasterData_Purchase.import_rfq_charge_li_id_12329,Jinasena_MasterData_Purchase.structure_details_id_855,Jinasena_MasterData_Purchase.structure_master_vat_nbt_load_to_gl_jam
Jinasena_MasterData_Purchase.import_rfq_charge_li_id_12330,Jinasena_MasterData_Purchase.structure_details_id_856,Jinasena_MasterData_Purchase.structure_master_vat_nbt_load_to_gl_jam
Jinasena_MasterData_Purchase.import_rfq_charge_li_id_12331,Jinasena_MasterData_Purchase.structure_details_id_857,Jinasena_MasterData_Purchase.structure_master_vat_nbt_load_to_gl_jam
Jinasena_MasterData_Purchase.import_rfq_charge_li_id_12332,Jinasena_MasterData_Purchase.structure_details_id_858,Jinasena_MasterData_Purchase.structure_master_vat_nbt_load_to_gl_jam
Jinasena_MasterData_Purchase.import_rfq_charge_li_id_12333,Jinasena_MasterData_Purchase.structure_details_id_859,Jinasena_MasterData_Purchase.structure_master_vat_nbt_load_to_gl_jam
Jinasena_MasterData_Purchase.import_rfq_charge_li_id_12334,Jinasena_MasterData_Purchase.structure_details_id_860,Jinasena_MasterData_Purchase.structure_master_vat_nbt_load_to_gl_jam
Jinasena_MasterData_Purchase.import_rfq_charge_li_id_12335,Jinasena_MasterData_Purchase.structure_details_id_839,Jinasena_MasterData_Purchase.structure_master_vat_nbt_load_to_gl_jam
Jinasena_MasterData_Purchase.import_rfq_charge_li_id_12336,Jinasena_MasterData_Purchase.structure_details_id_840,Jinasena_MasterData_Purchase.structure_master_vat_nbt_load_to_gl_jam
Jinasena_MasterData_Purchase.import_rfq_charge_li_id_12337,Jinasena_MasterData_Purchase.structure_details_id_841,Jinasena_MasterData_Purchase.structure_master_vat_nbt_load_to_gl_jam
Jinasena_MasterData_Purchase.import_rfq_charge_li_id_12338,Jinasena_MasterData_Purchase.structure_details_id_842,Jinasena_MasterData_Purchase.structure_master_vat_nbt_load_to_gl_jam
Jinasena_MasterData_Purchase.import_rfq_charge_li_id_12339,Jinasena_MasterData_Purchase.structure_details_id_843,Jinasena_MasterData_Purchase.structure_master_vat_nbt_load_to_gl_jam
Jinasena_MasterData_Purchase.import_rfq_charge_li_id_12340,Jinasena_MasterData_Purchase.structure_details_id_844,Jinasena_MasterData_Purchase.structure_master_vat_nbt_load_to_gl_jam
Jinasena_MasterData_Purchase.import_rfq_charge_li_id_12341,Jinasena_MasterData_Purchase.structure_details_id_845,Jinasena_MasterData_Purchase.structure_master_vat_nbt_load_to_gl_jam
Jinasena_MasterData_Purchase.import_rfq_charge_li_id_12342,Jinasena_MasterData_Purchase.structure_details_id_846,Jinasena_MasterData_Purchase.structure_master_vat_nbt_load_to_gl_jam
Jinasena_MasterData_Purchase.import_rfq_charge_li_id_12343,Jinasena_MasterData_Purchase.structure_details_id_847,Jinasena_MasterData_Purchase.structure_master_vat_nbt_load_to_gl_jam
Jinasena_MasterData_Purchase.import_rfq_charge_li_id_12344,Jinasena_MasterData_Purchase.structure_details_id_848,Jinasena_MasterData_Purchase.structure_master_vat_nbt_load_to_gl_jam
Jinasena_MasterData_Purchase.import_rfq_charge_li_id_12345,Jinasena_MasterData_Purchase.structure_details_id_849,Jinasena_MasterData_Purchase.structure_master_vat_nbt_load_to_gl_jam
Jinasena_MasterData_Purchase.import_rfq_charge_li_id_12346,Jinasena_MasterData_Purchase.structure_details_id_850,Jinasena_MasterData_Purchase.structure_master_vat_nbt_load_to_gl_jam
Jinasena_MasterData_Purchase.import_rfq_charge_li_id_12347,Jinasena_MasterData_Purchase.structure_details_id_851,Jinasena_MasterData_Purchase.structure_master_vat_nbt_load_to_gl_jam
Jinasena_MasterData_Purchase.import_rfq_charge_li_id_12348,Jinasena_MasterData_Purchase.structure_details_id_852,Jinasena_MasterData_Purchase.structure_master_vat_nbt_load_to_gl_jam
Jinasena_MasterData_Purchase.import_rfq_charge_li_id_12349,Jinasena_MasterData_Purchase.structure_details_id_853,Jinasena_MasterData_Purchase.structure_master_vat_nbt_load_to_gl_jam
Jinasena_MasterData_Purchase.import_rfq_charge_li_id_12350,Jinasena_MasterData_Purchase.structure_details_id_854,Jinasena_MasterData_Purchase.structure_master_vat_nbt_load_to_gl_jam
Jinasena_MasterData_Purchase.import_rfq_charge_li_id_12351,Jinasena_MasterData_Purchase.structure_details_id_855,Jinasena_MasterData_Purchase.structure_master_vat_nbt_load_to_gl_jam
Jinasena_MasterData_Purchase.import_rfq_charge_li_id_12352,Jinasena_MasterData_Purchase.structure_details_id_856,Jinasena_MasterData_Purchase.structure_master_vat_nbt_load_to_gl_jam
Jinasena_MasterData_Purchase.import_rfq_charge_li_id_12353,Jinasena_MasterData_Purchase.structure_details_id_857,Jinasena_MasterData_Purchase.structure_master_vat_nbt_load_to_gl_jam
Jinasena_MasterData_Purchase.import_rfq_charge_li_id_12354,Jinasena_MasterData_Purchase.structure_details_id_858,Jinasena_MasterData_Purchase.structure_master_vat_nbt_load_to_gl_jam
Jinasena_MasterData_Purchase.import_rfq_charge_li_id_12355,Jinasena_MasterData_Purchase.structure_details_id_859,Jinasena_MasterData_Purchase.structure_master_vat_nbt_load_to_gl_jam
Jinasena_MasterData_Purchase.import_rfq_charge_li_id_12356,Jinasena_MasterData_Purchase.structure_details_id_860,Jinasena_MasterData_Purchase.structure_master_vat_nbt_load_to_gl_jam
Jinasena_MasterData_Purchase.import_rfq_charge_li_id_12357,Jinasena_MasterData_Purchase.structure_details_id_839,Jinasena_MasterData_Purchase.structure_master_vat_nbt_load_to_gl_jam
Jinasena_MasterData_Purchase.import_rfq_charge_li_id_12358,Jinasena_MasterData_Purchase.structure_details_id_840,Jinasena_MasterData_Purchase.structure_master_vat_nbt_load_to_gl_jam
Jinasena_MasterData_Purchase.import_rfq_charge_li_id_12359,Jinasena_MasterData_Purchase.structure_details_id_841,Jinasena_MasterData_Purchase.structure_master_vat_nbt_load_to_gl_jam
Jinasena_MasterData_Purchase.import_rfq_charge_li_id_12360,Jinasena_MasterData_Purchase.structure_details_id_842,Jinasena_MasterData_Purchase.structure_master_vat_nbt_load_to_gl_jam
Jinasena_MasterData_Purchase.import_rfq_charge_li_id_12361,Jinasena_MasterData_Purchase.structure_details_id_843,Jinasena_MasterData_Purchase.structure_master_vat_nbt_load_to_gl_jam
Jinasena_MasterData_Purchase.import_rfq_charge_li_id_12362,Jinasena_MasterData_Purchase.structure_details_id_844,Jinasena_MasterData_Purchase.structure_master_vat_nbt_load_to_gl_jam
Jinasena_MasterData_Purchase.import_rfq_charge_li_id_12363,Jinasena_MasterData_Purchase.structure_details_id_845,Jinasena_MasterData_Purchase.structure_master_vat_nbt_load_to_gl_jam
Jinasena_MasterData_Purchase.import_rfq_charge_li_id_12364,Jinasena_MasterData_Purchase.structure_details_id_846,Jinasena_MasterData_Purchase.structure_master_vat_nbt_load_to_gl_jam
Jinasena_MasterData_Purchase.import_rfq_charge_li_id_12365,Jinasena_MasterData_Purchase.structure_details_id_847,Jinasena_MasterData_Purchase.structure_master_vat_nbt_load_to_gl_jam
Jinasena_MasterData_Purchase.import_rfq_charge_li_id_12366,Jinasena_MasterData_Purchase.structure_details_id_848,Jinasena_MasterData_Purchase.structure_master_vat_nbt_load_to_gl_jam
Jinasena_MasterData_Purchase.import_rfq_charge_li_id_12367,Jinasena_MasterData_Purchase.structure_details_id_849,Jinasena_MasterData_Purchase.structure_master_vat_nbt_load_to_gl_jam
Jinasena_MasterData_Purchase.import_rfq_charge_li_id_12368,Jinasena_MasterData_Purchase.structure_details_id_850,Jinasena_MasterData_Purchase.structure_master_vat_nbt_load_to_gl_jam
Jinasena_MasterData_Purchase.import_rfq_charge_li_id_12369,Jinasena_MasterData_Purchase.structure_details_id_851,Jinasena_MasterData_Purchase.structure_master_vat_nbt_load_to_gl_jam
Jinasena_MasterData_Purchase.import_rfq_charge_li_id_12370,Jinasena_MasterData_Purchase.structure_details_id_852,Jinasena_MasterData_Purchase.structure_master_vat_nbt_load_to_gl_jam
Jinasena_MasterData_Purchase.import_rfq_charge_li_id_12371,Jinasena_MasterData_Purchase.structure_details_id_853,Jinasena_MasterData_Purchase.structure_master_vat_nbt_load_to_gl_jam
Jinasena_MasterData_Purchase.import_rfq_charge_li_id_12372,Jinasena_MasterData_Purchase.structure_details_id_854,Jinasena_MasterData_Purchase.structure_master_vat_nbt_load_to_gl_jam
Jinasena_MasterData_Purchase.import_rfq_charge_li_id_12373,Jinasena_MasterData_Purchase.structure_details_id_855,Jinasena_MasterData_Purchase.structure_master_vat_nbt_load_to_gl_jam
Jinasena_MasterData_Purchase.import_rfq_charge_li_id_12374,Jinasena_MasterData_Purchase.structure_details_id_856,Jinasena_MasterData_Purchase.structure_master_vat_nbt_load_to_gl_jam
Jinasena_MasterData_Purchase.import_rfq_charge_li_id_12375,Jinasena_MasterData_Purchase.structure_details_id_857,Jinasena_MasterData_Purchase.structure_master_vat_nbt_load_to_gl_jam
Jinasena_MasterData_Purchase.import_rfq_charge_li_id_12376,Jinasena_MasterData_Purchase.structure_details_id_858,Jinasena_MasterData_Purchase.structure_master_vat_nbt_load_to_gl_jam
Jinasena_MasterData_Purchase.import_rfq_charge_li_id_12377,Jinasena_MasterData_Purchase.structure_details_id_859,Jinasena_MasterData_Purchase.structure_master_vat_nbt_load_to_gl_jam
Jinasena_MasterData_Purchase.import_rfq_charge_li_id_12378,Jinasena_MasterData_Purchase.structure_details_id_860,Jinasena_MasterData_Purchase.structure_master_vat_nbt_load_to_gl_jam
Jinasena_MasterData_Purchase.import_rfq_charge_li_id_12379,Jinasena_MasterData_Purchase.structure_details_id_839,Jinasena_MasterData_Purchase.structure_master_vat_nbt_load_to_gl_jam
Jinasena_MasterData_Purchase.import_rfq_charge_li_id_12380,Jinasena_MasterData_Purchase.structure_details_id_840,Jinasena_MasterData_Purchase.structure_master_vat_nbt_load_to_gl_jam
Jinasena_MasterData_Purchase.import_rfq_charge_li_id_12381,Jinasena_MasterData_Purchase.structure_details_id_841,Jinasena_MasterData_Purchase.structure_master_vat_nbt_load_to_gl_jam
Jinasena_MasterData_Purchase.import_rfq_charge_li_id_12382,Jinasena_MasterData_Purchase.structure_details_id_842,Jinasena_MasterData_Purchase.structure_master_vat_nbt_load_to_gl_jam
Jinasena_MasterData_Purchase.import_rfq_charge_li_id_12383,Jinasena_MasterData_Purchase.structure_details_id_843,Jinasena_MasterData_Purchase.structure_master_vat_nbt_load_to_gl_jam
Jinasena_MasterData_Purchase.import_rfq_charge_li_id_12384,Jinasena_MasterData_Purchase.structure_details_id_844,Jinasena_MasterData_Purchase.structure_master_vat_nbt_load_to_gl_jam
Jinasena_MasterData_Purchase.import_rfq_charge_li_id_12385,Jinasena_MasterData_Purchase.structure_details_id_845,Jinasena_MasterData_Purchase.structure_master_vat_nbt_load_to_gl_jam
Jinasena_MasterData_Purchase.import_rfq_charge_li_id_12386,Jinasena_MasterData_Purchase.structure_details_id_846,Jinasena_MasterData_Purchase.structure_master_vat_nbt_load_to_gl_jam
Jinasena_MasterData_Purchase.import_rfq_charge_li_id_12387,Jinasena_MasterData_Purchase.structure_details_id_847,Jinasena_MasterData_Purchase.structure_master_vat_nbt_load_to_gl_jam
Jinasena_MasterData_Purchase.import_rfq_charge_li_id_12388,Jinasena_MasterData_Purchase.structure_details_id_848,Jinasena_MasterData_Purchase.structure_master_vat_nbt_load_to_gl_jam
Jinasena_MasterData_Purchase.import_rfq_charge_li_id_12389,Jinasena_MasterData_Purchase.structure_details_id_849,Jinasena_MasterData_Purchase.structure_master_vat_nbt_load_to_gl_jam
Jinasena_MasterData_Purchase.import_rfq_charge_li_id_12390,Jinasena_MasterData_Purchase.structure_details_id_850,Jinasena_MasterData_Purchase.structure_master_vat_nbt_load_to_gl_jam
Jinasena_MasterData_Purchase.import_rfq_charge_li_id_12391,Jinasena_MasterData_Purchase.structure_details_id_851,Jinasena_MasterData_Purchase.structure_master_vat_nbt_load_to_gl_jam
Jinasena_MasterData_Purchase.import_rfq_charge_li_id_12392,Jinasena_MasterData_Purchase.structure_details_id_852,Jinasena_MasterData_Purchase.structure_master_vat_nbt_load_to_gl_jam
Jinasena_MasterData_Purchase.import_rfq_charge_li_id_12393,Jinasena_MasterData_Purchase.structure_details_id_853,Jinasena_MasterData_Purchase.structure_master_vat_nbt_load_to_gl_jam
Jinasena_MasterData_Purchase.import_rfq_charge_li_id_12394,Jinasena_MasterData_Purchase.structure_details_id_854,Jinasena_MasterData_Purchase.structure_master_vat_nbt_load_to_gl_jam
Jinasena_MasterData_Purchase.import_rfq_charge_li_id_12395,Jinasena_MasterData_Purchase.structure_details_id_855,Jinasena_MasterData_Purchase.structure_master_vat_nbt_load_to_gl_jam
Jinasena_MasterData_Purchase.import_rfq_charge_li_id_12396,Jinasena_MasterData_Purchase.structure_details_id_856,Jinasena_MasterData_Purchase.structure_master_vat_nbt_load_to_gl_jam
Jinasena_MasterData_Purchase.import_rfq_charge_li_id_12397,Jinasena_MasterData_Purchase.structure_details_id_857,Jinasena_MasterData_Purchase.structure_master_vat_nbt_load_to_gl_jam
Jinasena_MasterData_Purchase.import_rfq_charge_li_id_12398,Jinasena_MasterData_Purchase.structure_details_id_858,Jinasena_MasterData_Purchase.structure_master_vat_nbt_load_to_gl_jam
Jinasena_MasterData_Purchase.import_rfq_charge_li_id_12399,Jinasena_MasterData_Purchase.structure_details_id_859,Jinasena_MasterData_Purchase.structure_master_vat_nbt_load_to_gl_jam
Jinasena_MasterData_Purchase.import_rfq_charge_li_id_12400,Jinasena_MasterData_Purchase.structure_details_id_860,Jinasena_MasterData_Purchase.structure_master_vat_nbt_load_to_gl_jam
Jinasena_MasterData_Purchase.import_rfq_charge_li_id_12401,Jinasena_MasterData_Purchase.structure_details_id_839,Jinasena_MasterData_Purchase.structure_master_vat_nbt_load_to_gl_jam
Jinasena_MasterData_Purchase.import_rfq_charge_li_id_12402,Jinasena_MasterData_Purchase.structure_details_id_840,Jinasena_MasterData_Purchase.structure_master_vat_nbt_load_to_gl_jam
Jinasena_MasterData_Purchase.import_rfq_charge_li_id_12403,Jinasena_MasterData_Purchase.structure_details_id_841,Jinasena_MasterData_Purchase.structure_master_vat_nbt_load_to_gl_jam
Jinasena_MasterData_Purchase.import_rfq_charge_li_id_12404,Jinasena_MasterData_Purchase.structure_details_id_842,Jinasena_MasterData_Purchase.structure_master_vat_nbt_load_to_gl_jam
Jinasena_MasterData_Purchase.import_rfq_charge_li_id_12405,Jinasena_MasterData_Purchase.structure_details_id_843,Jinasena_MasterData_Purchase.structure_master_vat_nbt_load_to_gl_jam
Jinasena_MasterData_Purchase.import_rfq_charge_li_id_12406,Jinasena_MasterData_Purchase.structure_details_id_844,Jinasena_MasterData_Purchase.structure_master_vat_nbt_load_to_gl_jam
Jinasena_MasterData_Purchase.import_rfq_charge_li_id_12407,Jinasena_MasterData_Purchase.structure_details_id_845,Jinasena_MasterData_Purchase.structure_master_vat_nbt_load_to_gl_jam
Jinasena_MasterData_Purchase.import_rfq_charge_li_id_12408,Jinasena_MasterData_Purchase.structure_details_id_846,Jinasena_MasterData_Purchase.structure_master_vat_nbt_load_to_gl_jam
Jinasena_MasterData_Purchase.import_rfq_charge_li_id_12409,Jinasena_MasterData_Purchase.structure_details_id_847,Jinasena_MasterData_Purchase.structure_master_vat_nbt_load_to_gl_jam
Jinasena_MasterData_Purchase.import_rfq_charge_li_id_12410,Jinasena_MasterData_Purchase.structure_details_id_848,Jinasena_MasterData_Purchase.structure_master_vat_nbt_load_to_gl_jam
Jinasena_MasterData_Purchase.import_rfq_charge_li_id_12411,Jinasena_MasterData_Purchase.structure_details_id_849,Jinasena_MasterData_Purchase.structure_master_vat_nbt_load_to_gl_jam
Jinasena_MasterData_Purchase.import_rfq_charge_li_id_12412,Jinasena_MasterData_Purchase.structure_details_id_850,Jinasena_MasterData_Purchase.structure_master_vat_nbt_load_to_gl_jam
Jinasena_MasterData_Purchase.import_rfq_charge_li_id_12413,Jinasena_MasterData_Purchase.structure_details_id_851,Jinasena_MasterData_Purchase.structure_master_vat_nbt_load_to_gl_jam
Jinasena_MasterData_Purchase.import_rfq_charge_li_id_12414,Jinasena_MasterData_Purchase.structure_details_id_852,Jinasena_MasterData_Purchase.structure_master_vat_nbt_load_to_gl_jam
Jinasena_MasterData_Purchase.import_rfq_charge_li_id_12415,Jinasena_MasterData_Purchase.structure_details_id_853,Jinasena_MasterData_Purchase.structure_master_vat_nbt_load_to_gl_jam
Jinasena_MasterData_Purchase.import_rfq_charge_li_id_12416,Jinasena_MasterData_Purchase.structure_details_id_854,Jinasena_MasterData_Purchase.structure_master_vat_nbt_load_to_gl_jam
Jinasena_MasterData_Purchase.import_rfq_charge_li_id_12417,Jinasena_MasterData_Purchase.structure_details_id_855,Jinasena_MasterData_Purchase.structure_master_vat_nbt_load_to_gl_jam
Jinasena_MasterData_Purchase.import_rfq_charge_li_id_12418,Jinasena_MasterData_Purchase.structure_details_id_856,Jinasena_MasterData_Purchase.structure_master_vat_nbt_load_to_gl_jam
Jinasena_MasterData_Purchase.import_rfq_charge_li_id_12419,Jinasena_MasterData_Purchase.structure_details_id_857,Jinasena_MasterData_Purchase.structure_master_vat_nbt_load_to_gl_jam
Jinasena_MasterData_Purchase.import_rfq_charge_li_id_12420,Jinasena_MasterData_Purchase.structure_details_id_858,Jinasena_MasterData_Purchase.structure_master_vat_nbt_load_to_gl_jam
Jinasena_MasterData_Purchase.import_rfq_charge_li_id_12421,Jinasena_MasterData_Purchase.structure_details_id_859,Jinasena_MasterData_Purchase.structure_master_vat_nbt_load_to_gl_jam
Jinasena_MasterData_Purchase.import_rfq_charge_li_id_12422,Jinasena_MasterData_Purchase.structure_details_id_860,Jinasena_MasterData_Purchase.structure_master_vat_nbt_load_to_gl_jam
Jinasena_MasterData_Purchase.import_rfq_charge_li_id_12423,Jinasena_MasterData_Purchase.structure_details_id_839,Jinasena_MasterData_Purchase.structure_master_vat_nbt_load_to_gl_jam
Jinasena_MasterData_Purchase.import_rfq_charge_li_id_12424,Jinasena_MasterData_Purchase.structure_details_id_840,Jinasena_MasterData_Purchase.structure_master_vat_nbt_load_to_gl_jam
Jinasena_MasterData_Purchase.import_rfq_charge_li_id_12425,Jinasena_MasterData_Purchase.structure_details_id_841,Jinasena_MasterData_Purchase.structure_master_vat_nbt_load_to_gl_jam
Jinasena_MasterData_Purchase.import_rfq_charge_li_id_12426,Jinasena_MasterData_Purchase.structure_details_id_842,Jinasena_MasterData_Purchase.structure_master_vat_nbt_load_to_gl_jam
Jinasena_MasterData_Purchase.import_rfq_charge_li_id_12427,Jinasena_MasterData_Purchase.structure_details_id_843,Jinasena_MasterData_Purchase.structure_master_vat_nbt_load_to_gl_jam
Jinasena_MasterData_Purchase.import_rfq_charge_li_id_12428,Jinasena_MasterData_Purchase.structure_details_id_844,Jinasena_MasterData_Purchase.structure_master_vat_nbt_load_to_gl_jam
Jinasena_MasterData_Purchase.import_rfq_charge_li_id_12429,Jinasena_MasterData_Purchase.structure_details_id_845,Jinasena_MasterData_Purchase.structure_master_vat_nbt_load_to_gl_jam
Jinasena_MasterData_Purchase.import_rfq_charge_li_id_12430,Jinasena_MasterData_Purchase.structure_details_id_846,Jinasena_MasterData_Purchase.structure_master_vat_nbt_load_to_gl_jam
Jinasena_MasterData_Purchase.import_rfq_charge_li_id_12431,Jinasena_MasterData_Purchase.structure_details_id_847,Jinasena_MasterData_Purchase.structure_master_vat_nbt_load_to_gl_jam
Jinasena_MasterData_Purchase.import_rfq_charge_li_id_12432,Jinasena_MasterData_Purchase.structure_details_id_848,Jinasena_MasterData_Purchase.structure_master_vat_nbt_load_to_gl_jam
Jinasena_MasterData_Purchase.import_rfq_charge_li_id_12433,Jinasena_MasterData_Purchase.structure_details_id_849,Jinasena_MasterData_Purchase.structure_master_vat_nbt_load_to_gl_jam
Jinasena_MasterData_Purchase.import_rfq_charge_li_id_12434,Jinasena_MasterData_Purchase.structure_details_id_850,Jinasena_MasterData_Purchase.structure_master_vat_nbt_load_to_gl_jam
Jinasena_MasterData_Purchase.import_rfq_charge_li_id_12435,Jinasena_MasterData_Purchase.structure_details_id_851,Jinasena_MasterData_Purchase.structure_master_vat_nbt_load_to_gl_jam
Jinasena_MasterData_Purchase.import_rfq_charge_li_id_12436,Jinasena_MasterData_Purchase.structure_details_id_852,Jinasena_MasterData_Purchase.structure_master_vat_nbt_load_to_gl_jam
Jinasena_MasterData_Purchase.import_rfq_charge_li_id_12437,Jinasena_MasterData_Purchase.structure_details_id_853,Jinasena_MasterData_Purchase.structure_master_vat_nbt_load_to_gl_jam
Jinasena_MasterData_Purchase.import_rfq_charge_li_id_12438,Jinasena_MasterData_Purchase.structure_details_id_854,Jinasena_MasterData_Purchase.structure_master_vat_nbt_load_to_gl_jam
Jinasena_MasterData_Purchase.import_rfq_charge_li_id_12439,Jinasena_MasterData_Purchase.structure_details_id_855,Jinasena_MasterData_Purchase.structure_master_vat_nbt_load_to_gl_jam
Jinasena_MasterData_Purchase.import_rfq_charge_li_id_12440,Jinasena_MasterData_Purchase.structure_details_id_856,Jinasena_MasterData_Purchase.structure_master_vat_nbt_load_to_gl_jam
Jinasena_MasterData_Purchase.import_rfq_charge_li_id_12441,Jinasena_MasterData_Purchase.structure_details_id_857,Jinasena_MasterData_Purchase.structure_master_vat_nbt_load_to_gl_jam
Jinasena_MasterData_Purchase.import_rfq_charge_li_id_12442,Jinasena_MasterData_Purchase.structure_details_id_858,Jinasena_MasterData_Purchase.structure_master_vat_nbt_load_to_gl_jam
Jinasena_MasterData_Purchase.import_rfq_charge_li_id_12443,Jinasena_MasterData_Purchase.structure_details_id_859,Jinasena_MasterData_Purchase.structure_master_vat_nbt_load_to_gl_jam
Jinasena_MasterData_Purchase.import_rfq_charge_li_id_12444,Jinasena_MasterData_Purchase.structure_details_id_860,Jinasena_MasterData_Purchase.structure_master_vat_nbt_load_to_gl_jam
Jinasena_MasterData_Purchase.import_rfq_charge_li_id_12445,Jinasena_MasterData_Purchase.structure_details_id_839,Jinasena_MasterData_Purchase.structure_master_vat_nbt_load_to_gl_jam
Jinasena_MasterData_Purchase.import_rfq_charge_li_id_12446,Jinasena_MasterData_Purchase.structure_details_id_840,Jinasena_MasterData_Purchase.structure_master_vat_nbt_load_to_gl_jam
Jinasena_MasterData_Purchase.import_rfq_charge_li_id_12447,Jinasena_MasterData_Purchase.structure_details_id_841,Jinasena_MasterData_Purchase.structure_master_vat_nbt_load_to_gl_jam
Jinasena_MasterData_Purchase.import_rfq_charge_li_id_12448,Jinasena_MasterData_Purchase.structure_details_id_842,Jinasena_MasterData_Purchase.structure_master_vat_nbt_load_to_gl_jam
Jinasena_MasterData_Purchase.import_rfq_charge_li_id_12449,Jinasena_MasterData_Purchase.structure_details_id_843,Jinasena_MasterData_Purchase.structure_master_vat_nbt_load_to_gl_jam
Jinasena_MasterData_Purchase.import_rfq_charge_li_id_12450,Jinasena_MasterData_Purchase.structure_details_id_844,Jinasena_MasterData_Purchase.structure_master_vat_nbt_load_to_gl_jam
Jinasena_MasterData_Purchase.import_rfq_charge_li_id_12451,Jinasena_MasterData_Purchase.structure_details_id_845,Jinasena_MasterData_Purchase.structure_master_vat_nbt_load_to_gl_jam
Jinasena_MasterData_Purchase.import_rfq_charge_li_id_12452,Jinasena_MasterData_Purchase.structure_details_id_846,Jinasena_MasterData_Purchase.structure_master_vat_nbt_load_to_gl_jam
Jinasena_MasterData_Purchase.import_rfq_charge_li_id_12453,Jinasena_MasterData_Purchase.structure_details_id_847,Jinasena_MasterData_Purchase.structure_master_vat_nbt_load_to_gl_jam
Jinasena_MasterData_Purchase.import_rfq_charge_li_id_12454,Jinasena_MasterData_Purchase.structure_details_id_848,Jinasena_MasterData_Purchase.structure_master_vat_nbt_load_to_gl_jam
Jinasena_MasterData_Purchase.import_rfq_charge_li_id_12455,Jinasena_MasterData_Purchase.structure_details_id_849,Jinasena_MasterData_Purchase.structure_master_vat_nbt_load_to_gl_jam
Jinasena_MasterData_Purchase.import_rfq_charge_li_id_12456,Jinasena_MasterData_Purchase.structure_details_id_850,Jinasena_MasterData_Purchase.structure_master_vat_nbt_load_to_gl_jam
Jinasena_MasterData_Purchase.import_rfq_charge_li_id_12457,Jinasena_MasterData_Purchase.structure_details_id_851,Jinasena_MasterData_Purchase.structure_master_vat_nbt_load_to_gl_jam
Jinasena_MasterData_Purchase.import_rfq_charge_li_id_12458,Jinasena_MasterData_Purchase.structure_details_id_852,Jinasena_MasterData_Purchase.structure_master_vat_nbt_load_to_gl_jam
Jinasena_MasterData_Purchase.import_rfq_charge_li_id_12459,Jinasena_MasterData_Purchase.structure_details_id_853,Jinasena_MasterData_Purchase.structure_master_vat_nbt_load_to_gl_jam
Jinasena_MasterData_Purchase.import_rfq_charge_li_id_12460,Jinasena_MasterData_Purchase.structure_details_id_854,Jinasena_MasterData_Purchase.structure_master_vat_nbt_load_to_gl_jam
Jinasena_MasterData_Purchase.import_rfq_charge_li_id_12461,Jinasena_MasterData_Purchase.structure_details_id_855,Jinasena_MasterData_Purchase.structure_master_vat_nbt_load_to_gl_jam
Jinasena_MasterData_Purchase.import_rfq_charge_li_id_12462,Jinasena_MasterData_Purchase.structure_details_id_856,Jinasena_MasterData_Purchase.structure_master_vat_nbt_load_to_gl_jam
Jinasena_MasterData_Purchase.import_rfq_charge_li_id_12463,Jinasena_MasterData_Purchase.structure_details_id_857,Jinasena_MasterData_Purchase.structure_master_vat_nbt_load_to_gl_jam
Jinasena_MasterData_Purchase.import_rfq_charge_li_id_12464,Jinasena_MasterData_Purchase.structure_details_id_858,Jinasena_MasterData_Purchase.structure_master_vat_nbt_load_to_gl_jam
Jinasena_MasterData_Purchase.import_rfq_charge_li_id_12465,Jinasena_MasterData_Purchase.structure_details_id_859,Jinasena_MasterData_Purchase.structure_master_vat_nbt_load_to_gl_jam
Jinasena_MasterData_Purchase.import_rfq_charge_li_id_12466,Jinasena_MasterData_Purchase.structure_details_id_860,Jinasena_MasterData_Purchase.structure_master_vat_nbt_load_to_gl_jam
Jinasena_MasterData_Purchase.import_rfq_charge_li_id_12489,Jinasena_MasterData_Purchase.structure_details_id_839,Jinasena_MasterData_Purchase.structure_master_vat_nbt_load_to_gl_jam
Jinasena_MasterData_Purchase.import_rfq_charge_li_id_12490,Jinasena_MasterData_Purchase.structure_details_id_840,Jinasena_MasterData_Purchase.structure_master_vat_nbt_load_to_gl_jam
Jinasena_MasterData_Purchase.import_rfq_charge_li_id_12491,Jinasena_MasterData_Purchase.structure_details_id_841,Jinasena_MasterData_Purchase.structure_master_vat_nbt_load_to_gl_jam
Jinasena_MasterData_Purchase.import_rfq_charge_li_id_12492,Jinasena_MasterData_Purchase.structure_details_id_842,Jinasena_MasterData_Purchase.structure_master_vat_nbt_load_to_gl_jam
Jinasena_MasterData_Purchase.import_rfq_charge_li_id_12493,Jinasena_MasterData_Purchase.structure_details_id_843,Jinasena_MasterData_Purchase.structure_master_vat_nbt_load_to_gl_jam
Jinasena_MasterData_Purchase.import_rfq_charge_li_id_12494,Jinasena_MasterData_Purchase.structure_details_id_844,Jinasena_MasterData_Purchase.structure_master_vat_nbt_load_to_gl_jam
Jinasena_MasterData_Purchase.import_rfq_charge_li_id_12495,Jinasena_MasterData_Purchase.structure_details_id_845,Jinasena_MasterData_Purchase.structure_master_vat_nbt_load_to_gl_jam
Jinasena_MasterData_Purchase.import_rfq_charge_li_id_12496,Jinasena_MasterData_Purchase.structure_details_id_846,Jinasena_MasterData_Purchase.structure_master_vat_nbt_load_to_gl_jam
Jinasena_MasterData_Purchase.import_rfq_charge_li_id_12497,Jinasena_MasterData_Purchase.structure_details_id_847,Jinasena_MasterData_Purchase.structure_master_vat_nbt_load_to_gl_jam
Jinasena_MasterData_Purchase.import_rfq_charge_li_id_12498,Jinasena_MasterData_Purchase.structure_details_id_848,Jinasena_MasterData_Purchase.structure_master_vat_nbt_load_to_gl_jam
Jinasena_MasterData_Purchase.import_rfq_charge_li_id_12499,Jinasena_MasterData_Purchase.structure_details_id_849,Jinasena_MasterData_Purchase.structure_master_vat_nbt_load_to_gl_jam
Jinasena_MasterData_Purchase.import_rfq_charge_li_id_12500,Jinasena_MasterData_Purchase.structure_details_id_850,Jinasena_MasterData_Purchase.structure_master_vat_nbt_load_to_gl_jam
Jinasena_MasterData_Purchase.import_rfq_charge_li_id_12501,Jinasena_MasterData_Purchase.structure_details_id_851,Jinasena_MasterData_Purchase.structure_master_vat_nbt_load_to_gl_jam
Jinasena_MasterData_Purchase.import_rfq_charge_li_id_12502,Jinasena_MasterData_Purchase.structure_details_id_852,Jinasena_MasterData_Purchase.structure_master_vat_nbt_load_to_gl_jam
Jinasena_MasterData_Purchase.import_rfq_charge_li_id_12503,Jinasena_MasterData_Purchase.structure_details_id_853,Jinasena_MasterData_Purchase.structure_master_vat_nbt_load_to_gl_jam
Jinasena_MasterData_Purchase.import_rfq_charge_li_id_12504,Jinasena_MasterData_Purchase.structure_details_id_854,Jinasena_MasterData_Purchase.structure_master_vat_nbt_load_to_gl_jam
Jinasena_MasterData_Purchase.import_rfq_charge_li_id_12505,Jinasena_MasterData_Purchase.structure_details_id_855,Jinasena_MasterData_Purchase.structure_master_vat_nbt_load_to_gl_jam
Jinasena_MasterData_Purchase.import_rfq_charge_li_id_12506,Jinasena_MasterData_Purchase.structure_details_id_856,Jinasena_MasterData_Purchase.structure_master_vat_nbt_load_to_gl_jam
Jinasena_MasterData_Purchase.import_rfq_charge_li_id_12507,Jinasena_MasterData_Purchase.structure_details_id_857,Jinasena_MasterData_Purchase.structure_master_vat_nbt_load_to_gl_jam
Jinasena_MasterData_Purchase.import_rfq_charge_li_id_12508,Jinasena_MasterData_Purchase.structure_details_id_858,Jinasena_MasterData_Purchase.structure_master_vat_nbt_load_to_gl_jam
Jinasena_MasterData_Purchase.import_rfq_charge_li_id_12509,Jinasena_MasterData_Purchase.structure_details_id_859,Jinasena_MasterData_Purchase.structure_master_vat_nbt_load_to_gl_jam
Jinasena_MasterData_Purchase.import_rfq_charge_li_id_12510,Jinasena_MasterData_Purchase.structure_details_id_860,Jinasena_MasterData_Purchase.structure_master_vat_nbt_load_to_gl_jam
Jinasena_MasterData_Purchase.import_rfq_charge_li_id_12520,Jinasena_MasterData_Purchase.structure_details_id_839,Jinasena_MasterData_Purchase.structure_master_vat_nbt_load_to_gl_jam
Jinasena_MasterData_Purchase.import_rfq_charge_li_id_12521,Jinasena_MasterData_Purchase.structure_details_id_840,Jinasena_MasterData_Purchase.structure_master_vat_nbt_load_to_gl_jam
Jinasena_MasterData_Purchase.import_rfq_charge_li_id_12522,Jinasena_MasterData_Purchase.structure_details_id_841,Jinasena_MasterData_Purchase.structure_master_vat_nbt_load_to_gl_jam
Jinasena_MasterData_Purchase.import_rfq_charge_li_id_12523,Jinasena_MasterData_Purchase.structure_details_id_842,Jinasena_MasterData_Purchase.structure_master_vat_nbt_load_to_gl_jam
Jinasena_MasterData_Purchase.import_rfq_charge_li_id_12524,Jinasena_MasterData_Purchase.structure_details_id_843,Jinasena_MasterData_Purchase.structure_master_vat_nbt_load_to_gl_jam
Jinasena_MasterData_Purchase.import_rfq_charge_li_id_12525,Jinasena_MasterData_Purchase.structure_details_id_844,Jinasena_MasterData_Purchase.structure_master_vat_nbt_load_to_gl_jam
Jinasena_MasterData_Purchase.import_rfq_charge_li_id_12526,Jinasena_MasterData_Purchase.structure_details_id_845,Jinasena_MasterData_Purchase.structure_master_vat_nbt_load_to_gl_jam
Jinasena_MasterData_Purchase.import_rfq_charge_li_id_12527,Jinasena_MasterData_Purchase.structure_details_id_846,Jinasena_MasterData_Purchase.structure_master_vat_nbt_load_to_gl_jam
Jinasena_MasterData_Purchase.import_rfq_charge_li_id_12528,Jinasena_MasterData_Purchase.structure_details_id_847,Jinasena_MasterData_Purchase.structure_master_vat_nbt_load_to_gl_jam
Jinasena_MasterData_Purchase.import_rfq_charge_li_id_12529,Jinasena_MasterData_Purchase.structure_details_id_848,Jinasena_MasterData_Purchase.structure_master_vat_nbt_load_to_gl_jam
Jinasena_MasterData_Purchase.import_rfq_charge_li_id_12530,Jinasena_MasterData_Purchase.structure_details_id_849,Jinasena_MasterData_Purchase.structure_master_vat_nbt_load_to_gl_jam
Jinasena_MasterData_Purchase.import_rfq_charge_li_id_12531,Jinasena_MasterData_Purchase.structure_details_id_850,Jinasena_MasterData_Purchase.structure_master_vat_nbt_load_to_gl_jam
Jinasena_MasterData_Purchase.import_rfq_charge_li_id_12532,Jinasena_MasterData_Purchase.structure_details_id_851,Jinasena_MasterData_Purchase.structure_master_vat_nbt_load_to_gl_jam
Jinasena_MasterData_Purchase.import_rfq_charge_li_id_12533,Jinasena_MasterData_Purchase.structure_details_id_852,Jinasena_MasterData_Purchase.structure_master_vat_nbt_load_to_gl_jam
Jinasena_MasterData_Purchase.import_rfq_charge_li_id_12534,Jinasena_MasterData_Purchase.structure_details_id_853,Jinasena_MasterData_Purchase.structure_master_vat_nbt_load_to_gl_jam
Jinasena_MasterData_Purchase.import_rfq_charge_li_id_12535,Jinasena_MasterData_Purchase.structure_details_id_854,Jinasena_MasterData_Purchase.structure_master_vat_nbt_load_to_gl_jam
Jinasena_MasterData_Purchase.import_rfq_charge_li_id_12536,Jinasena_MasterData_Purchase.structure_details_id_855,Jinasena_MasterData_Purchase.structure_master_vat_nbt_load_to_gl_jam
Jinasena_MasterData_Purchase.import_rfq_charge_li_id_12537,Jinasena_MasterData_Purchase.structure_details_id_856,Jinasena_MasterData_Purchase.structure_master_vat_nbt_load_to_gl_jam
Jinasena_MasterData_Purchase.import_rfq_charge_li_id_12538,Jinasena_MasterData_Purchase.structure_details_id_857,Jinasena_MasterData_Purchase.structure_master_vat_nbt_load_to_gl_jam
Jinasena_MasterData_Purchase.import_rfq_charge_li_id_12539,Jinasena_MasterData_Purchase.structure_details_id_858,Jinasena_MasterData_Purchase.structure_master_vat_nbt_load_to_gl_jam
Jinasena_MasterData_Purchase.import_rfq_charge_li_id_12540,Jinasena_MasterData_Purchase.structure_details_id_859,Jinasena_MasterData_Purchase.structure_master_vat_nbt_load_to_gl_jam
Jinasena_MasterData_Purchase.import_rfq_charge_li_id_12541,Jinasena_MasterData_Purchase.structure_details_id_860,Jinasena_MasterData_Purchase.structure_master_vat_nbt_load_to_gl_jam
Jinasena_MasterData_Purchase.import_rfq_charge_li_id_12542,Jinasena_MasterData_Purchase.structure_details_id_839,Jinasena_MasterData_Purchase.structure_master_vat_nbt_load_to_gl_jam
Jinasena_MasterData_Purchase.import_rfq_charge_li_id_12543,Jinasena_MasterData_Purchase.structure_details_id_840,Jinasena_MasterData_Purchase.structure_master_vat_nbt_load_to_gl_jam
Jinasena_MasterData_Purchase.import_rfq_charge_li_id_12544,Jinasena_MasterData_Purchase.structure_details_id_841,Jinasena_MasterData_Purchase.structure_master_vat_nbt_load_to_gl_jam
Jinasena_MasterData_Purchase.import_rfq_charge_li_id_12545,Jinasena_MasterData_Purchase.structure_details_id_842,Jinasena_MasterData_Purchase.structure_master_vat_nbt_load_to_gl_jam
Jinasena_MasterData_Purchase.import_rfq_charge_li_id_12546,Jinasena_MasterData_Purchase.structure_details_id_843,Jinasena_MasterData_Purchase.structure_master_vat_nbt_load_to_gl_jam
Jinasena_MasterData_Purchase.import_rfq_charge_li_id_12547,Jinasena_MasterData_Purchase.structure_details_id_844,Jinasena_MasterData_Purchase.structure_master_vat_nbt_load_to_gl_jam
Jinasena_MasterData_Purchase.import_rfq_charge_li_id_12548,Jinasena_MasterData_Purchase.structure_details_id_845,Jinasena_MasterData_Purchase.structure_master_vat_nbt_load_to_gl_jam
Jinasena_MasterData_Purchase.import_rfq_charge_li_id_12549,Jinasena_MasterData_Purchase.structure_details_id_846,Jinasena_MasterData_Purchase.structure_master_vat_nbt_load_to_gl_jam
Jinasena_MasterData_Purchase.import_rfq_charge_li_id_12550,Jinasena_MasterData_Purchase.structure_details_id_847,Jinasena_MasterData_Purchase.structure_master_vat_nbt_load_to_gl_jam
Jinasena_MasterData_Purchase.import_rfq_charge_li_id_12551,Jinasena_MasterData_Purchase.structure_details_id_848,Jinasena_MasterData_Purchase.structure_master_vat_nbt_load_to_gl_jam
Jinasena_MasterData_Purchase.import_rfq_charge_li_id_12552,Jinasena_MasterData_Purchase.structure_details_id_849,Jinasena_MasterData_Purchase.structure_master_vat_nbt_load_to_gl_jam
Jinasena_MasterData_Purchase.import_rfq_charge_li_id_12553,Jinasena_MasterData_Purchase.structure_details_id_850,Jinasena_MasterData_Purchase.structure_master_vat_nbt_load_to_gl_jam
Jinasena_MasterData_Purchase.import_rfq_charge_li_id_12554,Jinasena_MasterData_Purchase.structure_details_id_851,Jinasena_MasterData_Purchase.structure_master_vat_nbt_load_to_gl_jam
Jinasena_MasterData_Purchase.import_rfq_charge_li_id_12555,Jinasena_MasterData_Purchase.structure_details_id_852,Jinasena_MasterData_Purchase.structure_master_vat_nbt_load_to_gl_jam
Jinasena_MasterData_Purchase.import_rfq_charge_li_id_12556,Jinasena_MasterData_Purchase.structure_details_id_853,Jinasena_MasterData_Purchase.structure_master_vat_nbt_load_to_gl_jam
Jinasena_MasterData_Purchase.import_rfq_charge_li_id_12557,Jinasena_MasterData_Purchase.structure_details_id_854,Jinasena_MasterData_Purchase.structure_master_vat_nbt_load_to_gl_jam
Jinasena_MasterData_Purchase.import_rfq_charge_li_id_12558,Jinasena_MasterData_Purchase.structure_details_id_855,Jinasena_MasterData_Purchase.structure_master_vat_nbt_load_to_gl_jam
Jinasena_MasterData_Purchase.import_rfq_charge_li_id_12559,Jinasena_MasterData_Purchase.structure_details_id_856,Jinasena_MasterData_Purchase.structure_master_vat_nbt_load_to_gl_jam
Jinasena_MasterData_Purchase.import_rfq_charge_li_id_12560,Jinasena_MasterData_Purchase.structure_details_id_857,Jinasena_MasterData_Purchase.structure_master_vat_nbt_load_to_gl_jam
Jinasena_MasterData_Purchase.import_rfq_charge_li_id_12561,Jinasena_MasterData_Purchase.structure_details_id_858,Jinasena_MasterData_Purchase.structure_master_vat_nbt_load_to_gl_jam
Jinasena_MasterData_Purchase.import_rfq_charge_li_id_12562,Jinasena_MasterData_Purchase.structure_details_id_859,Jinasena_MasterData_Purchase.structure_master_vat_nbt_load_to_gl_jam
Jinasena_MasterData_Purchase.import_rfq_charge_li_id_12563,Jinasena_MasterData_Purchase.structure_details_id_860,Jinasena_MasterData_Purchase.structure_master_vat_nbt_load_to_gl_jam
Jinasena_MasterData_Purchase.import_rfq_charge_li_id_12564,Jinasena_MasterData_Purchase.structure_details_id_839,Jinasena_MasterData_Purchase.structure_master_vat_nbt_load_to_gl_jam
Jinasena_MasterData_Purchase.import_rfq_charge_li_id_12565,Jinasena_MasterData_Purchase.structure_details_id_840,Jinasena_MasterData_Purchase.structure_master_vat_nbt_load_to_gl_jam
Jinasena_MasterData_Purchase.import_rfq_charge_li_id_12566,Jinasena_MasterData_Purchase.structure_details_id_841,Jinasena_MasterData_Purchase.structure_master_vat_nbt_load_to_gl_jam
Jinasena_MasterData_Purchase.import_rfq_charge_li_id_12567,Jinasena_MasterData_Purchase.structure_details_id_842,Jinasena_MasterData_Purchase.structure_master_vat_nbt_load_to_gl_jam
Jinasena_MasterData_Purchase.import_rfq_charge_li_id_12568,Jinasena_MasterData_Purchase.structure_details_id_843,Jinasena_MasterData_Purchase.structure_master_vat_nbt_load_to_gl_jam
Jinasena_MasterData_Purchase.import_rfq_charge_li_id_12569,Jinasena_MasterData_Purchase.structure_details_id_844,Jinasena_MasterData_Purchase.structure_master_vat_nbt_load_to_gl_jam
Jinasena_MasterData_Purchase.import_rfq_charge_li_id_12570,Jinasena_MasterData_Purchase.structure_details_id_845,Jinasena_MasterData_Purchase.structure_master_vat_nbt_load_to_gl_jam
Jinasena_MasterData_Purchase.import_rfq_charge_li_id_12571,Jinasena_MasterData_Purchase.structure_details_id_846,Jinasena_MasterData_Purchase.structure_master_vat_nbt_load_to_gl_jam
Jinasena_MasterData_Purchase.import_rfq_charge_li_id_12572,Jinasena_MasterData_Purchase.structure_details_id_847,Jinasena_MasterData_Purchase.structure_master_vat_nbt_load_to_gl_jam
Jinasena_MasterData_Purchase.import_rfq_charge_li_id_12573,Jinasena_MasterData_Purchase.structure_details_id_848,Jinasena_MasterData_Purchase.structure_master_vat_nbt_load_to_gl_jam
Jinasena_MasterData_Purchase.import_rfq_charge_li_id_12574,Jinasena_MasterData_Purchase.structure_details_id_849,Jinasena_MasterData_Purchase.structure_master_vat_nbt_load_to_gl_jam
Jinasena_MasterData_Purchase.import_rfq_charge_li_id_12575,Jinasena_MasterData_Purchase.structure_details_id_850,Jinasena_MasterData_Purchase.structure_master_vat_nbt_load_to_gl_jam
Jinasena_MasterData_Purchase.import_rfq_charge_li_id_12576,Jinasena_MasterData_Purchase.structure_details_id_851,Jinasena_MasterData_Purchase.structure_master_vat_nbt_load_to_gl_jam
Jinasena_MasterData_Purchase.import_rfq_charge_li_id_12577,Jinasena_MasterData_Purchase.structure_details_id_852,Jinasena_MasterData_Purchase.structure_master_vat_nbt_load_to_gl_jam
Jinasena_MasterData_Purchase.import_rfq_charge_li_id_12578,Jinasena_MasterData_Purchase.structure_details_id_853,Jinasena_MasterData_Purchase.structure_master_vat_nbt_load_to_gl_jam
Jinasena_MasterData_Purchase.import_rfq_charge_li_id_12579,Jinasena_MasterData_Purchase.structure_details_id_854,Jinasena_MasterData_Purchase.structure_master_vat_nbt_load_to_gl_jam
Jinasena_MasterData_Purchase.import_rfq_charge_li_id_12580,Jinasena_MasterData_Purchase.structure_details_id_855,Jinasena_MasterData_Purchase.structure_master_vat_nbt_load_to_gl_jam
Jinasena_MasterData_Purchase.import_rfq_charge_li_id_12581,Jinasena_MasterData_Purchase.structure_details_id_856,Jinasena_MasterData_Purchase.structure_master_vat_nbt_load_to_gl_jam
Jinasena_MasterData_Purchase.import_rfq_charge_li_id_12582,Jinasena_MasterData_Purchase.structure_details_id_857,Jinasena_MasterData_Purchase.structure_master_vat_nbt_load_to_gl_jam
Jinasena_MasterData_Purchase.import_rfq_charge_li_id_12583,Jinasena_MasterData_Purchase.structure_details_id_858,Jinasena_MasterData_Purchase.structure_master_vat_nbt_load_to_gl_jam
Jinasena_MasterData_Purchase.import_rfq_charge_li_id_12584,Jinasena_MasterData_Purchase.structure_details_id_859,Jinasena_MasterData_Purchase.structure_master_vat_nbt_load_to_gl_jam
Jinasena_MasterData_Purchase.import_rfq_charge_li_id_12585,Jinasena_MasterData_Purchase.structure_details_id_860,Jinasena_MasterData_Purchase.structure_master_vat_nbt_load_to_gl_jam
Jinasena_MasterData_Purchase.import_rfq_charge_li_id_12586,Jinasena_MasterData_Purchase.structure_details_id_839,Jinasena_MasterData_Purchase.structure_master_vat_nbt_load_to_gl_jam
Jinasena_MasterData_Purchase.import_rfq_charge_li_id_12587,Jinasena_MasterData_Purchase.structure_details_id_840,Jinasena_MasterData_Purchase.structure_master_vat_nbt_load_to_gl_jam
Jinasena_MasterData_Purchase.import_rfq_charge_li_id_12588,Jinasena_MasterData_Purchase.structure_details_id_841,Jinasena_MasterData_Purchase.structure_master_vat_nbt_load_to_gl_jam
Jinasena_MasterData_Purchase.import_rfq_charge_li_id_12589,Jinasena_MasterData_Purchase.structure_details_id_842,Jinasena_MasterData_Purchase.structure_master_vat_nbt_load_to_gl_jam
Jinasena_MasterData_Purchase.import_rfq_charge_li_id_12590,Jinasena_MasterData_Purchase.structure_details_id_843,Jinasena_MasterData_Purchase.structure_master_vat_nbt_load_to_gl_jam
Jinasena_MasterData_Purchase.import_rfq_charge_li_id_12591,Jinasena_MasterData_Purchase.structure_details_id_844,Jinasena_MasterData_Purchase.structure_master_vat_nbt_load_to_gl_jam
Jinasena_MasterData_Purchase.import_rfq_charge_li_id_12592,Jinasena_MasterData_Purchase.structure_details_id_845,Jinasena_MasterData_Purchase.structure_master_vat_nbt_load_to_gl_jam
Jinasena_MasterData_Purchase.import_rfq_charge_li_id_12593,Jinasena_MasterData_Purchase.structure_details_id_846,Jinasena_MasterData_Purchase.structure_master_vat_nbt_load_to_gl_jam
Jinasena_MasterData_Purchase.import_rfq_charge_li_id_12594,Jinasena_MasterData_Purchase.structure_details_id_847,Jinasena_MasterData_Purchase.structure_master_vat_nbt_load_to_gl_jam
Jinasena_MasterData_Purchase.import_rfq_charge_li_id_12595,Jinasena_MasterData_Purchase.structure_details_id_848,Jinasena_MasterData_Purchase.structure_master_vat_nbt_load_to_gl_jam
Jinasena_MasterData_Purchase.import_rfq_charge_li_id_12596,Jinasena_MasterData_Purchase.structure_details_id_849,Jinasena_MasterData_Purchase.structure_master_vat_nbt_load_to_gl_jam
Jinasena_MasterData_Purchase.import_rfq_charge_li_id_12597,Jinasena_MasterData_Purchase.structure_details_id_850,Jinasena_MasterData_Purchase.structure_master_vat_nbt_load_to_gl_jam
Jinasena_MasterData_Purchase.import_rfq_charge_li_id_12598,Jinasena_MasterData_Purchase.structure_details_id_851,Jinasena_MasterData_Purchase.structure_master_vat_nbt_load_to_gl_jam
Jinasena_MasterData_Purchase.import_rfq_charge_li_id_12599,Jinasena_MasterData_Purchase.structure_details_id_852,Jinasena_MasterData_Purchase.structure_master_vat_nbt_load_to_gl_jam
Jinasena_MasterData_Purchase.import_rfq_charge_li_id_12600,Jinasena_MasterData_Purchase.structure_details_id_853,Jinasena_MasterData_Purchase.structure_master_vat_nbt_load_to_gl_jam
Jinasena_MasterData_Purchase.import_rfq_charge_li_id_12601,Jinasena_MasterData_Purchase.structure_details_id_854,Jinasena_MasterData_Purchase.structure_master_vat_nbt_load_to_gl_jam
Jinasena_MasterData_Purchase.import_rfq_charge_li_id_12602,Jinasena_MasterData_Purchase.structure_details_id_855,Jinasena_MasterData_Purchase.structure_master_vat_nbt_load_to_gl_jam
Jinasena_MasterData_Purchase.import_rfq_charge_li_id_12603,Jinasena_MasterData_Purchase.structure_details_id_856,Jinasena_MasterData_Purchase.structure_master_vat_nbt_load_to_gl_jam
Jinasena_MasterData_Purchase.import_rfq_charge_li_id_12604,Jinasena_MasterData_Purchase.structure_details_id_857,Jinasena_MasterData_Purchase.structure_master_vat_nbt_load_to_gl_jam
Jinasena_MasterData_Purchase.import_rfq_charge_li_id_12605,Jinasena_MasterData_Purchase.structure_details_id_858,Jinasena_MasterData_Purchase.structure_master_vat_nbt_load_to_gl_jam
Jinasena_MasterData_Purchase.import_rfq_charge_li_id_12606,Jinasena_MasterData_Purchase.structure_details_id_859,Jinasena_MasterData_Purchase.structure_master_vat_nbt_load_to_gl_jam
Jinasena_MasterData_Purchase.import_rfq_charge_li_id_12607,Jinasena_MasterData_Purchase.structure_details_id_860,Jinasena_MasterData_Purchase.structure_master_vat_nbt_load_to_gl_jam
Jinasena_MasterData_Purchase.import_rfq_charge_li_id_12608,Jinasena_MasterData_Purchase.structure_details_id_839,Jinasena_MasterData_Purchase.structure_master_vat_nbt_load_to_gl_jam
Jinasena_MasterData_Purchase.import_rfq_charge_li_id_12609,Jinasena_MasterData_Purchase.structure_details_id_840,Jinasena_MasterData_Purchase.structure_master_vat_nbt_load_to_gl_jam
Jinasena_MasterData_Purchase.import_rfq_charge_li_id_12610,Jinasena_MasterData_Purchase.structure_details_id_841,Jinasena_MasterData_Purchase.structure_master_vat_nbt_load_to_gl_jam
Jinasena_MasterData_Purchase.import_rfq_charge_li_id_12611,Jinasena_MasterData_Purchase.structure_details_id_842,Jinasena_MasterData_Purchase.structure_master_vat_nbt_load_to_gl_jam
Jinasena_MasterData_Purchase.import_rfq_charge_li_id_12612,Jinasena_MasterData_Purchase.structure_details_id_843,Jinasena_MasterData_Purchase.structure_master_vat_nbt_load_to_gl_jam
Jinasena_MasterData_Purchase.import_rfq_charge_li_id_12613,Jinasena_MasterData_Purchase.structure_details_id_844,Jinasena_MasterData_Purchase.structure_master_vat_nbt_load_to_gl_jam
Jinasena_MasterData_Purchase.import_rfq_charge_li_id_12614,Jinasena_MasterData_Purchase.structure_details_id_845,Jinasena_MasterData_Purchase.structure_master_vat_nbt_load_to_gl_jam
Jinasena_MasterData_Purchase.import_rfq_charge_li_id_12615,Jinasena_MasterData_Purchase.structure_details_id_846,Jinasena_MasterData_Purchase.structure_master_vat_nbt_load_to_gl_jam
Jinasena_MasterData_Purchase.import_rfq_charge_li_id_12616,Jinasena_MasterData_Purchase.structure_details_id_847,Jinasena_MasterData_Purchase.structure_master_vat_nbt_load_to_gl_jam
Jinasena_MasterData_Purchase.import_rfq_charge_li_id_12617,Jinasena_MasterData_Purchase.structure_details_id_848,Jinasena_MasterData_Purchase.structure_master_vat_nbt_load_to_gl_jam
Jinasena_MasterData_Purchase.import_rfq_charge_li_id_12618,Jinasena_MasterData_Purchase.structure_details_id_849,Jinasena_MasterData_Purchase.structure_master_vat_nbt_load_to_gl_jam
Jinasena_MasterData_Purchase.import_rfq_charge_li_id_12619,Jinasena_MasterData_Purchase.structure_details_id_850,Jinasena_MasterData_Purchase.structure_master_vat_nbt_load_to_gl_jam
Jinasena_MasterData_Purchase.import_rfq_charge_li_id_12620,Jinasena_MasterData_Purchase.structure_details_id_851,Jinasena_MasterData_Purchase.structure_master_vat_nbt_load_to_gl_jam
Jinasena_MasterData_Purchase.import_rfq_charge_li_id_12621,Jinasena_MasterData_Purchase.structure_details_id_852,Jinasena_MasterData_Purchase.structure_master_vat_nbt_load_to_gl_jam
Jinasena_MasterData_Purchase.import_rfq_charge_li_id_12622,Jinasena_MasterData_Purchase.structure_details_id_853,Jinasena_MasterData_Purchase.structure_master_vat_nbt_load_to_gl_jam
Jinasena_MasterData_Purchase.import_rfq_charge_li_id_12623,Jinasena_MasterData_Purchase.structure_details_id_854,Jinasena_MasterData_Purchase.structure_master_vat_nbt_load_to_gl_jam
Jinasena_MasterData_Purchase.import_rfq_charge_li_id_12624,Jinasena_MasterData_Purchase.structure_details_id_855,Jinasena_MasterData_Purchase.structure_master_vat_nbt_load_to_gl_jam
Jinasena_MasterData_Purchase.import_rfq_charge_li_id_12625,Jinasena_MasterData_Purchase.structure_details_id_856,Jinasena_MasterData_Purchase.structure_master_vat_nbt_load_to_gl_jam
Jinasena_MasterData_Purchase.import_rfq_charge_li_id_12626,Jinasena_MasterData_Purchase.structure_details_id_857,Jinasena_MasterData_Purchase.structure_master_vat_nbt_load_to_gl_jam
Jinasena_MasterData_Purchase.import_rfq_charge_li_id_12627,Jinasena_MasterData_Purchase.structure_details_id_858,Jinasena_MasterData_Purchase.structure_master_vat_nbt_load_to_gl_jam
Jinasena_MasterData_Purchase.import_rfq_charge_li_id_12628,Jinasena_MasterData_Purchase.structure_details_id_859,Jinasena_MasterData_Purchase.structure_master_vat_nbt_load_to_gl_jam
Jinasena_MasterData_Purchase.import_rfq_charge_li_id_12629,Jinasena_MasterData_Purchase.structure_details_id_860,Jinasena_MasterData_Purchase.structure_master_vat_nbt_load_to_gl_jam
Jinasena_MasterData_Purchase.import_rfq_charge_li_id_12630,Jinasena_MasterData_Purchase.structure_details_id_839,Jinasena_MasterData_Purchase.structure_master_vat_nbt_load_to_gl_jam
Jinasena_MasterData_Purchase.import_rfq_charge_li_id_12631,Jinasena_MasterData_Purchase.structure_details_id_840,Jinasena_MasterData_Purchase.structure_master_vat_nbt_load_to_gl_jam
Jinasena_MasterData_Purchase.import_rfq_charge_li_id_12632,Jinasena_MasterData_Purchase.structure_details_id_841,Jinasena_MasterData_Purchase.structure_master_vat_nbt_load_to_gl_jam
Jinasena_MasterData_Purchase.import_rfq_charge_li_id_12633,Jinasena_MasterData_Purchase.structure_details_id_842,Jinasena_MasterData_Purchase.structure_master_vat_nbt_load_to_gl_jam
Jinasena_MasterData_Purchase.import_rfq_charge_li_id_12634,Jinasena_MasterData_Purchase.structure_details_id_843,Jinasena_MasterData_Purchase.structure_master_vat_nbt_load_to_gl_jam
Jinasena_MasterData_Purchase.import_rfq_charge_li_id_12635,Jinasena_MasterData_Purchase.structure_details_id_844,Jinasena_MasterData_Purchase.structure_master_vat_nbt_load_to_gl_jam
Jinasena_MasterData_Purchase.import_rfq_charge_li_id_12636,Jinasena_MasterData_Purchase.structure_details_id_845,Jinasena_MasterData_Purchase.structure_master_vat_nbt_load_to_gl_jam
Jinasena_MasterData_Purchase.import_rfq_charge_li_id_12637,Jinasena_MasterData_Purchase.structure_details_id_846,Jinasena_MasterData_Purchase.structure_master_vat_nbt_load_to_gl_jam
Jinasena_MasterData_Purchase.import_rfq_charge_li_id_12638,Jinasena_MasterData_Purchase.structure_details_id_847,Jinasena_MasterData_Purchase.structure_master_vat_nbt_load_to_gl_jam
Jinasena_MasterData_Purchase.import_rfq_charge_li_id_12639,Jinasena_MasterData_Purchase.structure_details_id_848,Jinasena_MasterData_Purchase.structure_master_vat_nbt_load_to_gl_jam
Jinasena_MasterData_Purchase.import_rfq_charge_li_id_12640,Jinasena_MasterData_Purchase.structure_details_id_849,Jinasena_MasterData_Purchase.structure_master_vat_nbt_load_to_gl_jam
Jinasena_MasterData_Purchase.import_rfq_charge_li_id_12641,Jinasena_MasterData_Purchase.structure_details_id_850,Jinasena_MasterData_Purchase.structure_master_vat_nbt_load_to_gl_jam
Jinasena_MasterData_Purchase.import_rfq_charge_li_id_12642,Jinasena_MasterData_Purchase.structure_details_id_851,Jinasena_MasterData_Purchase.structure_master_vat_nbt_load_to_gl_jam
Jinasena_MasterData_Purchase.import_rfq_charge_li_id_12643,Jinasena_MasterData_Purchase.structure_details_id_852,Jinasena_MasterData_Purchase.structure_master_vat_nbt_load_to_gl_jam
Jinasena_MasterData_Purchase.import_rfq_charge_li_id_12644,Jinasena_MasterData_Purchase.structure_details_id_853,Jinasena_MasterData_Purchase.structure_master_vat_nbt_load_to_gl_jam
Jinasena_MasterData_Purchase.import_rfq_charge_li_id_12645,Jinasena_MasterData_Purchase.structure_details_id_854,Jinasena_MasterData_Purchase.structure_master_vat_nbt_load_to_gl_jam
Jinasena_MasterData_Purchase.import_rfq_charge_li_id_12646,Jinasena_MasterData_Purchase.structure_details_id_855,Jinasena_MasterData_Purchase.structure_master_vat_nbt_load_to_gl_jam
Jinasena_MasterData_Purchase.import_rfq_charge_li_id_12647,Jinasena_MasterData_Purchase.structure_details_id_856,Jinasena_MasterData_Purchase.structure_master_vat_nbt_load_to_gl_jam
Jinasena_MasterData_Purchase.import_rfq_charge_li_id_12648,Jinasena_MasterData_Purchase.structure_details_id_857,Jinasena_MasterData_Purchase.structure_master_vat_nbt_load_to_gl_jam
Jinasena_MasterData_Purchase.import_rfq_charge_li_id_12649,Jinasena_MasterData_Purchase.structure_details_id_858,Jinasena_MasterData_Purchase.structure_master_vat_nbt_load_to_gl_jam
Jinasena_MasterData_Purchase.import_rfq_charge_li_id_12650,Jinasena_MasterData_Purchase.structure_details_id_859,Jinasena_MasterData_Purchase.structure_master_vat_nbt_load_to_gl_jam
Jinasena_MasterData_Purchase.import_rfq_charge_li_id_12651,Jinasena_MasterData_Purchase.structure_details_id_860,Jinasena_MasterData_Purchase.structure_master_vat_nbt_load_to_gl_jam
