id,x_studio_tariff_master_ids/id
Jinasena_MasterData_Purchase.tariff_date_id_779,Jinasena_MasterData_Purchase.tariffmaster_3815_90_00
Jinasena_MasterData_Purchase.tariff_date_id_780,Jinasena_MasterData_Purchase.tariffmaster_3907_29_00
Jinasena_MasterData_Purchase.tariff_date_id_781,Jinasena_MasterData_Purchase.tariffmaster_7318_16_00
Jinasena_MasterData_Purchase.tariff_date_id_782,Jinasena_MasterData_Purchase.tariffmaster_7412_20_00
Jinasena_MasterData_Purchase.tariff_date_id_783,Jinasena_MasterData_Purchase.tariffmaster_8413_70_19
Jinasena_MasterData_Purchase.tariff_date_id_784,Jinasena_MasterData_Purchase.tariffmaster_8413_91_90
Jinasena_MasterData_Purchase.tariff_date_id_785,Jinasena_MasterData_Purchase.tariffmaster_8421_21_10
Jinasena_MasterData_Purchase.tariff_date_id_786,Jinasena_MasterData_Purchase.tariffmaster_8433_53_00
Jinasena_MasterData_Purchase.tariff_date_id_787,Jinasena_MasterData_Purchase.tariffmaster_8481_30_00
Jinasena_MasterData_Purchase.tariff_date_id_788,Jinasena_MasterData_Purchase.tariffmaster_8484_20_00
Jinasena_MasterData_Purchase.tariff_date_id_789,Jinasena_MasterData_Purchase.tariffmaster_8501_40_10
Jinasena_MasterData_Purchase.tariff_date_id_790,Jinasena_MasterData_Purchase.tariffmaster_8501_52_10
Jinasena_MasterData_Purchase.tariff_date_id_791,Jinasena_MasterData_Purchase.tariffmaster_8503_00_90
Jinasena_MasterData_Purchase.tariff_date_id_792,Jinasena_MasterData_Purchase.tariffmaster_8532_25_90
Jinasena_MasterData_Purchase.tariff_date_id_793,Jinasena_MasterData_Purchase.tariffmaster_8536_20_00
Jinasena_MasterData_Purchase.tariff_date_id_794,Jinasena_MasterData_Purchase.tariffmaster_9026_20_00
Jinasena_MasterData_Purchase.tariff_date_id_795,Jinasena_MasterData_Purchase.tariffmaster_9032_20_00
Jinasena_MasterData_Purchase.tariff_date_id_796,Jinasena_MasterData_Purchase.tariffmaster_7318_15_00
Jinasena_MasterData_Purchase.tariff_date_id_797,Jinasena_MasterData_Purchase.tariffmaster_7415_33_90
Jinasena_MasterData_Purchase.tariff_date_id_1167,Jinasena_MasterData_Purchase.tariffmaster_2849_20_00
Jinasena_MasterData_Purchase.tariff_date_id_1168,Jinasena_MasterData_Purchase.tariffmaster_3208_10_10
Jinasena_MasterData_Purchase.tariff_date_id_1169,Jinasena_MasterData_Purchase.tariffmaster_3506_10_90
Jinasena_MasterData_Purchase.tariff_date_id_1170,Jinasena_MasterData_Purchase.tariffmaster_3506_99_90
Jinasena_MasterData_Purchase.tariff_date_id_1171,Jinasena_MasterData_Purchase.tariffmaster_3810_90_00
Jinasena_MasterData_Purchase.tariff_date_id_1172,Jinasena_MasterData_Purchase.tariffmaster_3815_90_00_1000
Jinasena_MasterData_Purchase.tariff_date_id_1173,Jinasena_MasterData_Purchase.tariffmaster_3816_00_00
Jinasena_MasterData_Purchase.tariff_date_id_1174,Jinasena_MasterData_Purchase.tariffmaster_3824_10_00
Jinasena_MasterData_Purchase.tariff_date_id_1175,Jinasena_MasterData_Purchase.tariffmaster_3824_99_90
Jinasena_MasterData_Purchase.tariff_date_id_1176,Jinasena_MasterData_Purchase.tariffmaster_3907_20_00
Jinasena_MasterData_Purchase.tariff_date_id_1177,Jinasena_MasterData_Purchase.tariffmaster_3907_29_00_1005
Jinasena_MasterData_Purchase.tariff_date_id_1178,Jinasena_MasterData_Purchase.tariffmaster_3907_99_00
Jinasena_MasterData_Purchase.tariff_date_id_1179,Jinasena_MasterData_Purchase.tariffmaster_3909_40_00
Jinasena_MasterData_Purchase.tariff_date_id_1180,Jinasena_MasterData_Purchase.tariffmaster_3911_90_00
Jinasena_MasterData_Purchase.tariff_date_id_1181,Jinasena_MasterData_Purchase.tariffmaster_3917_21_00
Jinasena_MasterData_Purchase.tariff_date_id_1182,Jinasena_MasterData_Purchase.tariffmaster_3917_31_90
Jinasena_MasterData_Purchase.tariff_date_id_1183,Jinasena_MasterData_Purchase.tariffmaster_3917_39_00
Jinasena_MasterData_Purchase.tariff_date_id_1184,Jinasena_MasterData_Purchase.tariffmaster_3917_39_90
Jinasena_MasterData_Purchase.tariff_date_id_1185,Jinasena_MasterData_Purchase.tariffmaster_3917_40_90
Jinasena_MasterData_Purchase.tariff_date_id_1186,Jinasena_MasterData_Purchase.tariffmaster_3919_90_90
Jinasena_MasterData_Purchase.tariff_date_id_1187,Jinasena_MasterData_Purchase.tariffmaster_3920_69_10
Jinasena_MasterData_Purchase.tariff_date_id_1188,Jinasena_MasterData_Purchase.tariffmaster_3920_69_19
Jinasena_MasterData_Purchase.tariff_date_id_1189,Jinasena_MasterData_Purchase.tariffmaster_3926_90_99
Jinasena_MasterData_Purchase.tariff_date_id_1190,Jinasena_MasterData_Purchase.tariffmaster_4010_39_00
Jinasena_MasterData_Purchase.tariff_date_id_1191,Jinasena_MasterData_Purchase.tariffmaster_4011_70_00
Jinasena_MasterData_Purchase.tariff_date_id_1192,Jinasena_MasterData_Purchase.tariffmaster_4016_93_90
Jinasena_MasterData_Purchase.tariff_date_id_1193,Jinasena_MasterData_Purchase.tariffmaster_4016_99_90
Jinasena_MasterData_Purchase.tariff_date_id_1194,Jinasena_MasterData_Purchase.tariffmaster_4823_90_90
Jinasena_MasterData_Purchase.tariff_date_id_1195,Jinasena_MasterData_Purchase.tariffmaster_5207_90_00
Jinasena_MasterData_Purchase.tariff_date_id_1196,Jinasena_MasterData_Purchase.tariffmaster_5607_90_90
Jinasena_MasterData_Purchase.tariff_date_id_1197,Jinasena_MasterData_Purchase.tariffmaster_7215_50_00
Jinasena_MasterData_Purchase.tariff_date_id_1198,Jinasena_MasterData_Purchase.tariffmaster_7222_19_00
Jinasena_MasterData_Purchase.tariff_date_id_1199,Jinasena_MasterData_Purchase.tariffmaster_7304_41_10
Jinasena_MasterData_Purchase.tariff_date_id_1200,Jinasena_MasterData_Purchase.tariffmaster_7310_10_90
Jinasena_MasterData_Purchase.tariff_date_id_1201,Jinasena_MasterData_Purchase.tariffmaster_7310_29_90
Jinasena_MasterData_Purchase.tariff_date_id_1202,Jinasena_MasterData_Purchase.tariffmaster_7318_15_00_1030
Jinasena_MasterData_Purchase.tariff_date_id_1203,Jinasena_MasterData_Purchase.tariffmaster_7318_16_00_1031
Jinasena_MasterData_Purchase.tariff_date_id_1204,Jinasena_MasterData_Purchase.tariffmaster_7318_19_00
Jinasena_MasterData_Purchase.tariff_date_id_1205,Jinasena_MasterData_Purchase.tariffmaster_7318_22_00
Jinasena_MasterData_Purchase.tariff_date_id_1206,Jinasena_MasterData_Purchase.tariffmaster_7318_23_00
Jinasena_MasterData_Purchase.tariff_date_id_1207,Jinasena_MasterData_Purchase.tariffmaster_7318_29_00
Jinasena_MasterData_Purchase.tariff_date_id_1208,Jinasena_MasterData_Purchase.tariffmaster_7319_40_00
Jinasena_MasterData_Purchase.tariff_date_id_1209,Jinasena_MasterData_Purchase.tariffmaster_7320_90_00
Jinasena_MasterData_Purchase.tariff_date_id_1210,Jinasena_MasterData_Purchase.tariffmaster_7326_90_90
Jinasena_MasterData_Purchase.tariff_date_id_1211,Jinasena_MasterData_Purchase.tariffmaster_7407_29_00
Jinasena_MasterData_Purchase.tariff_date_id_1212,Jinasena_MasterData_Purchase.tariffmaster_7412_20_00_1040
Jinasena_MasterData_Purchase.tariff_date_id_1213,Jinasena_MasterData_Purchase.tariffmaster_7415_33_90_1041
Jinasena_MasterData_Purchase.tariff_date_id_1214,Jinasena_MasterData_Purchase.tariffmaster_7415_39_00
Jinasena_MasterData_Purchase.tariff_date_id_1215,Jinasena_MasterData_Purchase.tariffmaster_7616_10_00
Jinasena_MasterData_Purchase.tariff_date_id_1216,Jinasena_MasterData_Purchase.tariffmaster_7616_99_90
Jinasena_MasterData_Purchase.tariff_date_id_1217,Jinasena_MasterData_Purchase.tariffmaster_8205_59_00
Jinasena_MasterData_Purchase.tariff_date_id_1218,Jinasena_MasterData_Purchase.tariffmaster_8207_19_00
Jinasena_MasterData_Purchase.tariff_date_id_1219,Jinasena_MasterData_Purchase.tariffmaster_8208_90_00
Jinasena_MasterData_Purchase.tariff_date_id_1220,Jinasena_MasterData_Purchase.tariffmaster_8302_30_00
Jinasena_MasterData_Purchase.tariff_date_id_1221,Jinasena_MasterData_Purchase.tariffmaster_8407_90_90
Jinasena_MasterData_Purchase.tariff_date_id_1222,Jinasena_MasterData_Purchase.tariffmaster_8408_90_90
Jinasena_MasterData_Purchase.tariff_date_id_1223,Jinasena_MasterData_Purchase.tariffmaster_8409_91_90
Jinasena_MasterData_Purchase.tariff_date_id_1224,Jinasena_MasterData_Purchase.tariffmaster_8409_99_00
Jinasena_MasterData_Purchase.tariff_date_id_1225,Jinasena_MasterData_Purchase.tariffmaster_8412_90_00
Jinasena_MasterData_Purchase.tariff_date_id_1226,Jinasena_MasterData_Purchase.tariffmaster_8413_30_00
Jinasena_MasterData_Purchase.tariff_date_id_1227,Jinasena_MasterData_Purchase.tariffmaster_8413_70_19_1055
Jinasena_MasterData_Purchase.tariff_date_id_1228,Jinasena_MasterData_Purchase.tariffmaster_8413_70_99
Jinasena_MasterData_Purchase.tariff_date_id_1229,Jinasena_MasterData_Purchase.tariffmaster_8413_91_10
Jinasena_MasterData_Purchase.tariff_date_id_1230,Jinasena_MasterData_Purchase.tariffmaster_8413_91_90_1058
Jinasena_MasterData_Purchase.tariff_date_id_1231,Jinasena_MasterData_Purchase.tariffmaster_8414_59_00
Jinasena_MasterData_Purchase.tariff_date_id_1232,Jinasena_MasterData_Purchase.tariffmaster_8414_90_10
Jinasena_MasterData_Purchase.tariff_date_id_1233,Jinasena_MasterData_Purchase.tariffmaster_8421_21_10_1061
Jinasena_MasterData_Purchase.tariff_date_id_1234,Jinasena_MasterData_Purchase.tariffmaster_8421_21_90
Jinasena_MasterData_Purchase.tariff_date_id_1235,Jinasena_MasterData_Purchase.tariffmaster_8421_23_10
Jinasena_MasterData_Purchase.tariff_date_id_1236,Jinasena_MasterData_Purchase.tariffmaster_8421_31_00
Jinasena_MasterData_Purchase.tariff_date_id_1237,Jinasena_MasterData_Purchase.tariffmaster_8421_99_90
Jinasena_MasterData_Purchase.tariff_date_id_1238,Jinasena_MasterData_Purchase.tariffmaster_8424_49_00
Jinasena_MasterData_Purchase.tariff_date_id_1239,Jinasena_MasterData_Purchase.tariffmaster_8424_82_00
Jinasena_MasterData_Purchase.tariff_date_id_1240,Jinasena_MasterData_Purchase.tariffmaster_8424_90_00
Jinasena_MasterData_Purchase.tariff_date_id_1241,Jinasena_MasterData_Purchase.tariffmaster_8432_29_00
Jinasena_MasterData_Purchase.tariff_date_id_1242,Jinasena_MasterData_Purchase.tariffmaster_8432_90_90
Jinasena_MasterData_Purchase.tariff_date_id_1243,Jinasena_MasterData_Purchase.tariffmaster_8433_53_00_1071
Jinasena_MasterData_Purchase.tariff_date_id_1244,Jinasena_MasterData_Purchase.tariffmaster_8436_10_00
Jinasena_MasterData_Purchase.tariff_date_id_1245,Jinasena_MasterData_Purchase.tariffmaster_8436_99_00
Jinasena_MasterData_Purchase.tariff_date_id_1246,Jinasena_MasterData_Purchase.tariffmaster_8466_94_00
Jinasena_MasterData_Purchase.tariff_date_id_1247,Jinasena_MasterData_Purchase.tariffmaster_8467_89_00
Jinasena_MasterData_Purchase.tariff_date_id_1248,Jinasena_MasterData_Purchase.tariffmaster_8481_30_00_1076
Jinasena_MasterData_Purchase.tariff_date_id_1249,Jinasena_MasterData_Purchase.tariffmaster_8481_40_00
Jinasena_MasterData_Purchase.tariff_date_id_1250,Jinasena_MasterData_Purchase.tariffmaster_8481_80_90
Jinasena_MasterData_Purchase.tariff_date_id_1251,Jinasena_MasterData_Purchase.tariffmaster_8481_90_90
Jinasena_MasterData_Purchase.tariff_date_id_1252,Jinasena_MasterData_Purchase.tariffmaster_8482_10_00
Jinasena_MasterData_Purchase.tariff_date_id_1253,Jinasena_MasterData_Purchase.tariffmaster_8482_20_00
Jinasena_MasterData_Purchase.tariff_date_id_1254,Jinasena_MasterData_Purchase.tariffmaster_8482_30_00
Jinasena_MasterData_Purchase.tariff_date_id_1255,Jinasena_MasterData_Purchase.tariffmaster_8482_99_00
Jinasena_MasterData_Purchase.tariff_date_id_1256,Jinasena_MasterData_Purchase.tariffmaster_8483_10_00
Jinasena_MasterData_Purchase.tariff_date_id_1257,Jinasena_MasterData_Purchase.tariffmaster_8483_20_00
Jinasena_MasterData_Purchase.tariff_date_id_1258,Jinasena_MasterData_Purchase.tariffmaster_8483_40_00
Jinasena_MasterData_Purchase.tariff_date_id_1259,Jinasena_MasterData_Purchase.tariffmaster_8483_50_00
Jinasena_MasterData_Purchase.tariff_date_id_1260,Jinasena_MasterData_Purchase.tariffmaster_8483_90_00
Jinasena_MasterData_Purchase.tariff_date_id_1261,Jinasena_MasterData_Purchase.tariffmaster_8484_20_00_1089
Jinasena_MasterData_Purchase.tariff_date_id_1262,Jinasena_MasterData_Purchase.tariffmaster_8501_40_10_1090
Jinasena_MasterData_Purchase.tariff_date_id_1263,Jinasena_MasterData_Purchase.tariffmaster_8501_52_10_1091
Jinasena_MasterData_Purchase.tariff_date_id_1264,Jinasena_MasterData_Purchase.tariffmaster_8501_52_90
Jinasena_MasterData_Purchase.tariff_date_id_1265,Jinasena_MasterData_Purchase.tariffmaster_8503_00_10
Jinasena_MasterData_Purchase.tariff_date_id_1266,Jinasena_MasterData_Purchase.tariffmaster_8503_00_90_1094
Jinasena_MasterData_Purchase.tariff_date_id_1267,Jinasena_MasterData_Purchase.tariffmaster_8504_40_90
Jinasena_MasterData_Purchase.tariff_date_id_1268,Jinasena_MasterData_Purchase.tariffmaster_8505_19_00
Jinasena_MasterData_Purchase.tariff_date_id_1269,Jinasena_MasterData_Purchase.tariffmaster_8511_40_00
Jinasena_MasterData_Purchase.tariff_date_id_1270,Jinasena_MasterData_Purchase.tariffmaster_8511_90_00
Jinasena_MasterData_Purchase.tariff_date_id_1271,Jinasena_MasterData_Purchase.tariffmaster_8532_25_90_1099
Jinasena_MasterData_Purchase.tariff_date_id_1272,Jinasena_MasterData_Purchase.tariffmaster_8532_29_90
Jinasena_MasterData_Purchase.tariff_date_id_1273,Jinasena_MasterData_Purchase.tariffmaster_8532_30_09
Jinasena_MasterData_Purchase.tariff_date_id_1274,Jinasena_MasterData_Purchase.tariffmaster_8536_10_00
Jinasena_MasterData_Purchase.tariff_date_id_1275,Jinasena_MasterData_Purchase.tariffmaster_8536_20_00_1103
Jinasena_MasterData_Purchase.tariff_date_id_1276,Jinasena_MasterData_Purchase.tariffmaster_8536_90_90
Jinasena_MasterData_Purchase.tariff_date_id_1277,Jinasena_MasterData_Purchase.tariffmaster_8537_10_00
Jinasena_MasterData_Purchase.tariff_date_id_1278,Jinasena_MasterData_Purchase.tariffmaster_8546_90_00
Jinasena_MasterData_Purchase.tariff_date_id_1279,Jinasena_MasterData_Purchase.tariffmaster_8701_10_90
Jinasena_MasterData_Purchase.tariff_date_id_1280,Jinasena_MasterData_Purchase.tariffmaster_8708_40_00
Jinasena_MasterData_Purchase.tariff_date_id_1281,Jinasena_MasterData_Purchase.tariffmaster_8708_93_00
Jinasena_MasterData_Purchase.tariff_date_id_1282,Jinasena_MasterData_Purchase.tariffmaster_8708_99_90
Jinasena_MasterData_Purchase.tariff_date_id_1283,Jinasena_MasterData_Purchase.tariffmaster_9013_20_00
Jinasena_MasterData_Purchase.tariff_date_id_1284,Jinasena_MasterData_Purchase.tariffmaster_9016_00_00
Jinasena_MasterData_Purchase.tariff_date_id_1285,Jinasena_MasterData_Purchase.tariffmaster_9026_20_00_1113
Jinasena_MasterData_Purchase.tariff_date_id_1286,Jinasena_MasterData_Purchase.tariffmaster_9026_90_00
Jinasena_MasterData_Purchase.tariff_date_id_1287,Jinasena_MasterData_Purchase.tariffmaster_9029_20_00
Jinasena_MasterData_Purchase.tariff_date_id_1288,Jinasena_MasterData_Purchase.tariffmaster_9032_10_00
Jinasena_MasterData_Purchase.tariff_date_id_1289,Jinasena_MasterData_Purchase.tariffmaster_9032_20_00_1117
