id,x_studio_charge_name,x_studio_charge_group,x_active,x_studio_sequence,x_studio_rfq_charge_header_id/id,x_studio_structure_no,x_studio_basis,x_studio_percent,x_studio_amount,x_studio_company_id/id
import_rfq_charge_li_id_12225,BankCharge,Charges,1,10,Jinasena_MasterData_Purchase.import_rfq_charge_he_id_5535,1,Fixed Per Document,0.0,28.42105263157895,seed_master_data_and_settings.company_jinasena_agricultural_machinery
import_rfq_charge_li_id_12226,Clearing,Charges,1,10,Jinasena_MasterData_Purchase.import_rfq_charge_he_id_5536,2,Fixed Per Document,0.0,31.263157894736842,seed_master_data_and_settings.company_jinasena_agricultural_machinery
import_rfq_charge_li_id_12227,Freight & Ex work,Charges,1,10,Jinasena_MasterData_Purchase.import_rfq_charge_he_id_5537,3,Fixed Per Document,0.0,32.968421052631584,seed_master_data_and_settings.company_jinasena_agricultural_machinery
import_rfq_charge_li_id_12228,Insurance,Charges,1,10,Jinasena_MasterData_Purchase.import_rfq_charge_he_id_5538,4,Fixed Per Document,0.0,34.10526315789474,seed_master_data_and_settings.company_jinasena_agricultural_machinery
import_rfq_charge_li_id_12229,Misc,Charges,1,10,Jinasena_MasterData_Purchase.import_rfq_charge_he_id_5539,5,Fixed Per Document,0.0,35.526315789473685,seed_master_data_and_settings.company_jinasena_agricultural_machinery
import_rfq_charge_li_id_12230,Sup.Bank Charge,Charges,1,10,Jinasena_MasterData_Purchase.import_rfq_charge_he_id_5540,6,Fixed Per Document,0.0,36.94736842105263,seed_master_data_and_settings.company_jinasena_agricultural_machinery
import_rfq_charge_li_id_12231,Pallet Charges,Charges,1,10,Jinasena_MasterData_Purchase.import_rfq_charge_he_id_5541,7,Fixed Per Document,0.0,38.36842105263158,seed_master_data_and_settings.company_jinasena_agricultural_machinery
import_rfq_charge_li_id_12232,Document Charges,Charges,1,10,Jinasena_MasterData_Purchase.import_rfq_charge_he_id_5542,8,Fixed Per Document,0.0,39.78947368421053,seed_master_data_and_settings.company_jinasena_agricultural_machinery
import_rfq_charge_li_id_12233,Other,Charges,1,10,Jinasena_MasterData_Purchase.import_rfq_charge_he_id_5543,9,Fixed Per Document,0.0,41.21052631578947,seed_master_data_and_settings.company_jinasena_agricultural_machinery
import_rfq_charge_li_id_12234,CID,Duty,1,10,Jinasena_MasterData_Purchase.import_rfq_charge_he_id_5544,10,Percentage,0.0,0.0,seed_master_data_and_settings.company_jinasena_agricultural_machinery
import_rfq_charge_li_id_12235,EIC,Duty,1,10,Jinasena_MasterData_Purchase.import_rfq_charge_he_id_5545,11,Percentage,0.0,0.0,seed_master_data_and_settings.company_jinasena_agricultural_machinery
import_rfq_charge_li_id_12236,ESC,Duty,1,10,Jinasena_MasterData_Purchase.import_rfq_charge_he_id_5546,12,Percentage,0.0,0.0,seed_master_data_and_settings.company_jinasena_agricultural_machinery
import_rfq_charge_li_id_12237,Excise,Duty,1,10,Jinasena_MasterData_Purchase.import_rfq_charge_he_id_5547,13,Percentage,0.0,0.0,seed_master_data_and_settings.company_jinasena_agricultural_machinery
import_rfq_charge_li_id_12238,PAL,Duty,1,10,Jinasena_MasterData_Purchase.import_rfq_charge_he_id_5548,14,Percentage,0.0,990.0,seed_master_data_and_settings.company_jinasena_agricultural_machinery
import_rfq_charge_li_id_12239,RIDL,Duty,1,10,Jinasena_MasterData_Purchase.import_rfq_charge_he_id_5549,15,Percentage,0.0,0.0,seed_master_data_and_settings.company_jinasena_agricultural_machinery
import_rfq_charge_li_id_12240,SRL,Duty,1,10,Jinasena_MasterData_Purchase.import_rfq_charge_he_id_5550,16,Percentage,0.0,0.0,seed_master_data_and_settings.company_jinasena_agricultural_machinery
import_rfq_charge_li_id_12241,Surcharge,Duty,1,10,Jinasena_MasterData_Purchase.import_rfq_charge_he_id_5551,17,Percentage,0.0,0.0,seed_master_data_and_settings.company_jinasena_agricultural_machinery
import_rfq_charge_li_id_12242,NBT,Taxes,1,10,Jinasena_MasterData_Purchase.import_rfq_charge_he_id_5552,18,Percentage,0.0,0.0,seed_master_data_and_settings.company_jinasena_agricultural_machinery
import_rfq_charge_li_id_12243,NBT-N,Taxes,1,10,Jinasena_MasterData_Purchase.import_rfq_charge_he_id_5553,19,Percentage,0.0,0.0,seed_master_data_and_settings.company_jinasena_agricultural_machinery
import_rfq_charge_li_id_12244,VAT-on-Item,Taxes,1,10,Jinasena_MasterData_Purchase.import_rfq_charge_he_id_5554,20,Percentage,0.0,0.0,seed_master_data_and_settings.company_jinasena_agricultural_machinery
import_rfq_charge_li_id_12245,VAT-on-GL,Taxes,1,10,Jinasena_MasterData_Purchase.import_rfq_charge_he_id_5555,21,Percentage,0.0,2138.4,seed_master_data_and_settings.company_jinasena_agricultural_machinery
import_rfq_charge_li_id_12246,SSCL,Taxes,1,10,Jinasena_MasterData_Purchase.import_rfq_charge_he_id_5556,22,Percentage,0.0,297.0,seed_master_data_and_settings.company_jinasena_agricultural_machinery
import_rfq_charge_li_id_12247,BankCharge,Charges,1,10,Jinasena_MasterData_Purchase.import_rfq_charge_he_id_5535,1,Fixed Per Document,0.0,17.894736842105267,seed_master_data_and_settings.company_jinasena_agricultural_machinery
import_rfq_charge_li_id_12248,Clearing,Charges,1,10,Jinasena_MasterData_Purchase.import_rfq_charge_he_id_5536,2,Fixed Per Document,0.0,19.68421052631579,seed_master_data_and_settings.company_jinasena_agricultural_machinery
import_rfq_charge_li_id_12249,Freight & Ex work,Charges,1,10,Jinasena_MasterData_Purchase.import_rfq_charge_he_id_5537,3,Fixed Per Document,0.0,20.757894736842108,seed_master_data_and_settings.company_jinasena_agricultural_machinery
import_rfq_charge_li_id_12250,Insurance,Charges,1,10,Jinasena_MasterData_Purchase.import_rfq_charge_he_id_5538,4,Fixed Per Document,0.0,21.47368421052632,seed_master_data_and_settings.company_jinasena_agricultural_machinery
import_rfq_charge_li_id_12251,Misc,Charges,1,10,Jinasena_MasterData_Purchase.import_rfq_charge_he_id_5539,5,Fixed Per Document,0.0,22.368421052631582,seed_master_data_and_settings.company_jinasena_agricultural_machinery
import_rfq_charge_li_id_12252,Sup.Bank Charge,Charges,1,10,Jinasena_MasterData_Purchase.import_rfq_charge_he_id_5540,6,Fixed Per Document,0.0,23.263157894736846,seed_master_data_and_settings.company_jinasena_agricultural_machinery
import_rfq_charge_li_id_12253,Pallet Charges,Charges,1,10,Jinasena_MasterData_Purchase.import_rfq_charge_he_id_5541,7,Fixed Per Document,0.0,24.15789473684211,seed_master_data_and_settings.company_jinasena_agricultural_machinery
import_rfq_charge_li_id_12254,Document Charges,Charges,1,10,Jinasena_MasterData_Purchase.import_rfq_charge_he_id_5542,8,Fixed Per Document,0.0,25.05263157894737,seed_master_data_and_settings.company_jinasena_agricultural_machinery
import_rfq_charge_li_id_12255,Other,Charges,1,10,Jinasena_MasterData_Purchase.import_rfq_charge_he_id_5543,9,Fixed Per Document,0.0,25.947368421052634,seed_master_data_and_settings.company_jinasena_agricultural_machinery
import_rfq_charge_li_id_12256,CID,Duty,1,10,Jinasena_MasterData_Purchase.import_rfq_charge_he_id_5544,10,Percentage,0.0,0.0,seed_master_data_and_settings.company_jinasena_agricultural_machinery
import_rfq_charge_li_id_12257,EIC,Duty,1,10,Jinasena_MasterData_Purchase.import_rfq_charge_he_id_5545,11,Percentage,0.0,0.0,seed_master_data_and_settings.company_jinasena_agricultural_machinery
import_rfq_charge_li_id_12258,ESC,Duty,1,10,Jinasena_MasterData_Purchase.import_rfq_charge_he_id_5546,12,Percentage,0.0,0.0,seed_master_data_and_settings.company_jinasena_agricultural_machinery
import_rfq_charge_li_id_12259,Excise,Duty,1,10,Jinasena_MasterData_Purchase.import_rfq_charge_he_id_5547,13,Percentage,0.0,0.0,seed_master_data_and_settings.company_jinasena_agricultural_machinery
import_rfq_charge_li_id_12260,PAL,Duty,1,10,Jinasena_MasterData_Purchase.import_rfq_charge_he_id_5548,14,Percentage,0.0,450.0,seed_master_data_and_settings.company_jinasena_agricultural_machinery
import_rfq_charge_li_id_12261,RIDL,Duty,1,10,Jinasena_MasterData_Purchase.import_rfq_charge_he_id_5549,15,Percentage,0.0,0.0,seed_master_data_and_settings.company_jinasena_agricultural_machinery
import_rfq_charge_li_id_12262,SRL,Duty,1,10,Jinasena_MasterData_Purchase.import_rfq_charge_he_id_5550,16,Percentage,0.0,0.0,seed_master_data_and_settings.company_jinasena_agricultural_machinery
import_rfq_charge_li_id_12263,Surcharge,Duty,1,10,Jinasena_MasterData_Purchase.import_rfq_charge_he_id_5551,17,Percentage,0.0,0.0,seed_master_data_and_settings.company_jinasena_agricultural_machinery
import_rfq_charge_li_id_12264,NBT,Taxes,1,10,Jinasena_MasterData_Purchase.import_rfq_charge_he_id_5552,18,Percentage,0.0,0.0,seed_master_data_and_settings.company_jinasena_agricultural_machinery
import_rfq_charge_li_id_12265,NBT-N,Taxes,1,10,Jinasena_MasterData_Purchase.import_rfq_charge_he_id_5553,19,Percentage,0.0,0.0,seed_master_data_and_settings.company_jinasena_agricultural_machinery
import_rfq_charge_li_id_12266,VAT-on-Item,Taxes,1,10,Jinasena_MasterData_Purchase.import_rfq_charge_he_id_5554,20,Percentage,0.0,0.0,seed_master_data_and_settings.company_jinasena_agricultural_machinery
import_rfq_charge_li_id_12267,VAT-on-GL,Taxes,1,10,Jinasena_MasterData_Purchase.import_rfq_charge_he_id_5555,21,Percentage,0.0,972.0,seed_master_data_and_settings.company_jinasena_agricultural_machinery
import_rfq_charge_li_id_12268,SSCL,Taxes,1,10,Jinasena_MasterData_Purchase.import_rfq_charge_he_id_5556,22,Percentage,0.0,135.0,seed_master_data_and_settings.company_jinasena_agricultural_machinery
import_rfq_charge_li_id_12269,BankCharge,Charges,1,10,Jinasena_MasterData_Purchase.import_rfq_charge_he_id_5535,1,Fixed Per Document,0.0,53.68421052631578,seed_master_data_and_settings.company_jinasena_agricultural_machinery
import_rfq_charge_li_id_12270,Clearing,Charges,1,10,Jinasena_MasterData_Purchase.import_rfq_charge_he_id_5536,2,Fixed Per Document,0.0,59.05263157894737,seed_master_data_and_settings.company_jinasena_agricultural_machinery
import_rfq_charge_li_id_12271,Freight & Ex work,Charges,1,10,Jinasena_MasterData_Purchase.import_rfq_charge_he_id_5537,3,Fixed Per Document,0.0,62.273684210526305,seed_master_data_and_settings.company_jinasena_agricultural_machinery
import_rfq_charge_li_id_12272,Insurance,Charges,1,10,Jinasena_MasterData_Purchase.import_rfq_charge_he_id_5538,4,Fixed Per Document,0.0,64.42105263157895,seed_master_data_and_settings.company_jinasena_agricultural_machinery
import_rfq_charge_li_id_12273,Misc,Charges,1,10,Jinasena_MasterData_Purchase.import_rfq_charge_he_id_5539,5,Fixed Per Document,0.0,67.10526315789474,seed_master_data_and_settings.company_jinasena_agricultural_machinery
import_rfq_charge_li_id_12274,Sup.Bank Charge,Charges,1,10,Jinasena_MasterData_Purchase.import_rfq_charge_he_id_5540,6,Fixed Per Document,0.0,69.78947368421052,seed_master_data_and_settings.company_jinasena_agricultural_machinery
import_rfq_charge_li_id_12275,Pallet Charges,Charges,1,10,Jinasena_MasterData_Purchase.import_rfq_charge_he_id_5541,7,Fixed Per Document,0.0,72.47368421052632,seed_master_data_and_settings.company_jinasena_agricultural_machinery
import_rfq_charge_li_id_12276,Document Charges,Charges,1,10,Jinasena_MasterData_Purchase.import_rfq_charge_he_id_5542,8,Fixed Per Document,0.0,75.15789473684211,seed_master_data_and_settings.company_jinasena_agricultural_machinery
import_rfq_charge_li_id_12277,Other,Charges,1,10,Jinasena_MasterData_Purchase.import_rfq_charge_he_id_5543,9,Fixed Per Document,0.0,77.84210526315789,seed_master_data_and_settings.company_jinasena_agricultural_machinery
import_rfq_charge_li_id_12278,CID,Duty,1,10,Jinasena_MasterData_Purchase.import_rfq_charge_he_id_5544,10,Percentage,0.0,0.0,seed_master_data_and_settings.company_jinasena_agricultural_machinery
import_rfq_charge_li_id_12279,EIC,Duty,1,10,Jinasena_MasterData_Purchase.import_rfq_charge_he_id_5545,11,Percentage,0.0,0.0,seed_master_data_and_settings.company_jinasena_agricultural_machinery
import_rfq_charge_li_id_12280,ESC,Duty,1,10,Jinasena_MasterData_Purchase.import_rfq_charge_he_id_5546,12,Percentage,0.0,0.0,seed_master_data_and_settings.company_jinasena_agricultural_machinery
import_rfq_charge_li_id_12281,Excise,Duty,1,10,Jinasena_MasterData_Purchase.import_rfq_charge_he_id_5547,13,Percentage,0.0,0.0,seed_master_data_and_settings.company_jinasena_agricultural_machinery
import_rfq_charge_li_id_12282,PAL,Duty,1,10,Jinasena_MasterData_Purchase.import_rfq_charge_he_id_5548,14,Percentage,0.0,1200.0,seed_master_data_and_settings.company_jinasena_agricultural_machinery
import_rfq_charge_li_id_12283,RIDL,Duty,1,10,Jinasena_MasterData_Purchase.import_rfq_charge_he_id_5549,15,Percentage,0.0,0.0,seed_master_data_and_settings.company_jinasena_agricultural_machinery
import_rfq_charge_li_id_12284,SRL,Duty,1,10,Jinasena_MasterData_Purchase.import_rfq_charge_he_id_5550,16,Percentage,0.0,0.0,seed_master_data_and_settings.company_jinasena_agricultural_machinery
import_rfq_charge_li_id_12285,Surcharge,Duty,1,10,Jinasena_MasterData_Purchase.import_rfq_charge_he_id_5551,17,Percentage,0.0,0.0,seed_master_data_and_settings.company_jinasena_agricultural_machinery
import_rfq_charge_li_id_12286,NBT,Taxes,1,10,Jinasena_MasterData_Purchase.import_rfq_charge_he_id_5552,18,Percentage,0.0,0.0,seed_master_data_and_settings.company_jinasena_agricultural_machinery
import_rfq_charge_li_id_12287,NBT-N,Taxes,1,10,Jinasena_MasterData_Purchase.import_rfq_charge_he_id_5553,19,Percentage,0.0,0.0,seed_master_data_and_settings.company_jinasena_agricultural_machinery
import_rfq_charge_li_id_12288,VAT-on-Item,Taxes,1,10,Jinasena_MasterData_Purchase.import_rfq_charge_he_id_5554,20,Percentage,0.0,0.0,seed_master_data_and_settings.company_jinasena_agricultural_machinery
import_rfq_charge_li_id_12289,VAT-on-GL,Taxes,1,10,Jinasena_MasterData_Purchase.import_rfq_charge_he_id_5555,21,Percentage,0.0,2592.0,seed_master_data_and_settings.company_jinasena_agricultural_machinery
import_rfq_charge_li_id_12290,SSCL,Taxes,1,10,Jinasena_MasterData_Purchase.import_rfq_charge_he_id_5556,22,Percentage,0.0,360.0,seed_master_data_and_settings.company_jinasena_agricultural_machinery
import_rfq_charge_li_id_12291,BankCharge,Charges,1,10,Jinasena_MasterData_Purchase.import_rfq_charge_he_id_5557,1,Fixed Per Document,0.0,20.25148908007942,seed_master_data_and_settings.company_jinasena_agricultural_machinery
import_rfq_charge_li_id_12292,Clearing,Charges,1,10,Jinasena_MasterData_Purchase.import_rfq_charge_he_id_5558,2,Fixed Per Document,0.0,40.50297816015884,seed_master_data_and_settings.company_jinasena_agricultural_machinery
import_rfq_charge_li_id_12293,Freight & Ex work,Charges,1,10,Jinasena_MasterData_Purchase.import_rfq_charge_he_id_5559,3,Fixed Per Document,0.0,81.00595632031768,seed_master_data_and_settings.company_jinasena_agricultural_machinery
import_rfq_charge_li_id_12294,Insurance,Charges,1,10,Jinasena_MasterData_Purchase.import_rfq_charge_he_id_5560,4,Fixed Per Document,0.0,101.25744540039709,seed_master_data_and_settings.company_jinasena_agricultural_machinery
import_rfq_charge_li_id_12295,Misc,Charges,1,10,Jinasena_MasterData_Purchase.import_rfq_charge_he_id_5561,5,Fixed Per Document,0.0,121.50893448047651,seed_master_data_and_settings.company_jinasena_agricultural_machinery
import_rfq_charge_li_id_12296,Sup.Bank Charge,Charges,1,10,Jinasena_MasterData_Purchase.import_rfq_charge_he_id_5562,6,Fixed Per Document,0.0,182.26340172071477,seed_master_data_and_settings.company_jinasena_agricultural_machinery
import_rfq_charge_li_id_12297,Pallet Charges,Charges,1,10,Jinasena_MasterData_Purchase.import_rfq_charge_he_id_5563,7,Fixed Per Document,0.0,162.01191264063536,seed_master_data_and_settings.company_jinasena_agricultural_machinery
import_rfq_charge_li_id_12298,Document Charges,Charges,1,10,Jinasena_MasterData_Purchase.import_rfq_charge_he_id_5564,8,Fixed Per Document,0.0,60.754467240238256,seed_master_data_and_settings.company_jinasena_agricultural_machinery
import_rfq_charge_li_id_12299,Other,Charges,1,10,Jinasena_MasterData_Purchase.import_rfq_charge_he_id_5565,9,Fixed Per Document,0.0,141.76042356055592,seed_master_data_and_settings.company_jinasena_agricultural_machinery
import_rfq_charge_li_id_12300,CID,Duty,1,10,Jinasena_MasterData_Purchase.import_rfq_charge_he_id_5566,10,Percentage,0.0,5796.449416280609,seed_master_data_and_settings.company_jinasena_agricultural_machinery
import_rfq_charge_li_id_12301,EIC,Duty,1,10,Jinasena_MasterData_Purchase.import_rfq_charge_he_id_5567,11,Percentage,0.0,8620.990445400397,seed_master_data_and_settings.company_jinasena_agricultural_machinery
import_rfq_charge_li_id_12302,ESC,Duty,1,10,Jinasena_MasterData_Purchase.import_rfq_charge_he_id_5568,12,Percentage,0.0,0.0,seed_master_data_and_settings.company_jinasena_agricultural_machinery
import_rfq_charge_li_id_12303,Excise,Duty,1,10,Jinasena_MasterData_Purchase.import_rfq_charge_he_id_5569,13,Percentage,0.0,0.0,seed_master_data_and_settings.company_jinasena_agricultural_machinery
import_rfq_charge_li_id_12304,PAL,Duty,1,10,Jinasena_MasterData_Purchase.import_rfq_charge_he_id_5570,14,Percentage,0.0,24561.22634017207,seed_master_data_and_settings.company_jinasena_agricultural_machinery
import_rfq_charge_li_id_12305,RIDL,Duty,1,10,Jinasena_MasterData_Purchase.import_rfq_charge_he_id_5571,15,Percentage,0.0,0.0,seed_master_data_and_settings.company_jinasena_agricultural_machinery
import_rfq_charge_li_id_12306,SRL,Duty,1,10,Jinasena_MasterData_Purchase.import_rfq_charge_he_id_5572,16,Percentage,0.0,0.0,seed_master_data_and_settings.company_jinasena_agricultural_machinery
import_rfq_charge_li_id_12307,Surcharge,Duty,1,10,Jinasena_MasterData_Purchase.import_rfq_charge_he_id_5573,17,Percentage,0.0,0.0,seed_master_data_and_settings.company_jinasena_agricultural_machinery
import_rfq_charge_li_id_12308,NBT,Taxes,1,10,Jinasena_MasterData_Purchase.import_rfq_charge_he_id_5574,18,Percentage,0.0,0.0,seed_master_data_and_settings.company_jinasena_agricultural_machinery
import_rfq_charge_li_id_12309,NBT-N,Taxes,1,10,Jinasena_MasterData_Purchase.import_rfq_charge_he_id_5575,19,Percentage,0.0,0.0,seed_master_data_and_settings.company_jinasena_agricultural_machinery
import_rfq_charge_li_id_12310,VAT-on-Item,Taxes,1,10,Jinasena_MasterData_Purchase.import_rfq_charge_he_id_5576,20,Percentage,0.0,0.0,seed_master_data_and_settings.company_jinasena_agricultural_machinery
import_rfq_charge_li_id_12311,VAT-on-GL,Taxes,1,10,Jinasena_MasterData_Purchase.import_rfq_charge_he_id_5577,21,Percentage,0.0,55647.38806987425,seed_master_data_and_settings.company_jinasena_agricultural_machinery
import_rfq_charge_li_id_12312,SSCL,Taxes,1,10,Jinasena_MasterData_Purchase.import_rfq_charge_he_id_5578,22,Percentage,0.0,7728.803898593647,seed_master_data_and_settings.company_jinasena_agricultural_machinery
import_rfq_charge_li_id_12313,BankCharge,Charges,1,10,Jinasena_MasterData_Purchase.import_rfq_charge_he_id_5557,1,Fixed Per Document,0.0,30.11250827266711,seed_master_data_and_settings.company_jinasena_agricultural_machinery
import_rfq_charge_li_id_12314,Clearing,Charges,1,10,Jinasena_MasterData_Purchase.import_rfq_charge_he_id_5558,2,Fixed Per Document,0.0,60.22501654533422,seed_master_data_and_settings.company_jinasena_agricultural_machinery
import_rfq_charge_li_id_12315,Freight & Ex work,Charges,1,10,Jinasena_MasterData_Purchase.import_rfq_charge_he_id_5559,3,Fixed Per Document,0.0,120.45003309066844,seed_master_data_and_settings.company_jinasena_agricultural_machinery
import_rfq_charge_li_id_12316,Insurance,Charges,1,10,Jinasena_MasterData_Purchase.import_rfq_charge_he_id_5560,4,Fixed Per Document,0.0,150.56254136333555,seed_master_data_and_settings.company_jinasena_agricultural_machinery
import_rfq_charge_li_id_12317,Misc,Charges,1,10,Jinasena_MasterData_Purchase.import_rfq_charge_he_id_5561,5,Fixed Per Document,0.0,180.67504963600265,seed_master_data_and_settings.company_jinasena_agricultural_machinery
import_rfq_charge_li_id_12318,Sup.Bank Charge,Charges,1,10,Jinasena_MasterData_Purchase.import_rfq_charge_he_id_5562,6,Fixed Per Document,0.0,271.012574454004,seed_master_data_and_settings.company_jinasena_agricultural_machinery
import_rfq_charge_li_id_12319,Pallet Charges,Charges,1,10,Jinasena_MasterData_Purchase.import_rfq_charge_he_id_5563,7,Fixed Per Document,0.0,240.90006618133688,seed_master_data_and_settings.company_jinasena_agricultural_machinery
import_rfq_charge_li_id_12320,Document Charges,Charges,1,10,Jinasena_MasterData_Purchase.import_rfq_charge_he_id_5564,8,Fixed Per Document,0.0,90.33752481800133,seed_master_data_and_settings.company_jinasena_agricultural_machinery
import_rfq_charge_li_id_12321,Other,Charges,1,10,Jinasena_MasterData_Purchase.import_rfq_charge_he_id_5565,9,Fixed Per Document,0.0,210.78755790866975,seed_master_data_and_settings.company_jinasena_agricultural_machinery
import_rfq_charge_li_id_12322,CID,Duty,1,10,Jinasena_MasterData_Purchase.import_rfq_charge_he_id_5566,10,Percentage,0.0,78834.20251489081,seed_master_data_and_settings.company_jinasena_agricultural_machinery
import_rfq_charge_li_id_12323,EIC,Duty,1,10,Jinasena_MasterData_Purchase.import_rfq_charge_he_id_5567,11,Percentage,0.0,15766.84050297816,seed_master_data_and_settings.company_jinasena_agricultural_machinery
import_rfq_charge_li_id_12324,ESC,Duty,1,10,Jinasena_MasterData_Purchase.import_rfq_charge_he_id_5568,12,Percentage,0.0,0.0,seed_master_data_and_settings.company_jinasena_agricultural_machinery
import_rfq_charge_li_id_12325,Excise,Duty,1,10,Jinasena_MasterData_Purchase.import_rfq_charge_he_id_5569,13,Percentage,0.0,0.0,seed_master_data_and_settings.company_jinasena_agricultural_machinery
import_rfq_charge_li_id_12326,PAL,Duty,1,10,Jinasena_MasterData_Purchase.import_rfq_charge_he_id_5570,14,Percentage,0.0,29562.825943084048,seed_master_data_and_settings.company_jinasena_agricultural_machinery
import_rfq_charge_li_id_12327,RIDL,Duty,1,10,Jinasena_MasterData_Purchase.import_rfq_charge_he_id_5571,15,Percentage,0.0,0.0,seed_master_data_and_settings.company_jinasena_agricultural_machinery
import_rfq_charge_li_id_12328,SRL,Duty,1,10,Jinasena_MasterData_Purchase.import_rfq_charge_he_id_5572,16,Percentage,0.0,0.0,seed_master_data_and_settings.company_jinasena_agricultural_machinery
import_rfq_charge_li_id_12329,Surcharge,Duty,1,10,Jinasena_MasterData_Purchase.import_rfq_charge_he_id_5573,17,Percentage,0.0,0.0,seed_master_data_and_settings.company_jinasena_agricultural_machinery
import_rfq_charge_li_id_12330,NBT,Taxes,1,10,Jinasena_MasterData_Purchase.import_rfq_charge_he_id_5574,18,Percentage,0.0,0.0,seed_master_data_and_settings.company_jinasena_agricultural_machinery
import_rfq_charge_li_id_12331,NBT-N,Taxes,1,10,Jinasena_MasterData_Purchase.import_rfq_charge_he_id_5575,19,Percentage,0.0,0.0,seed_master_data_and_settings.company_jinasena_agricultural_machinery
import_rfq_charge_li_id_12332,VAT-on-Item,Taxes,1,10,Jinasena_MasterData_Purchase.import_rfq_charge_he_id_5576,20,Percentage,0.0,0.0,seed_master_data_and_settings.company_jinasena_agricultural_machinery
import_rfq_charge_li_id_12333,VAT-on-GL,Taxes,1,10,Jinasena_MasterData_Purchase.import_rfq_charge_he_id_5577,21,Percentage,0.0,100395.35690271344,seed_master_data_and_settings.company_jinasena_agricultural_machinery
import_rfq_charge_li_id_12334,SSCL,Taxes,1,10,Jinasena_MasterData_Purchase.import_rfq_charge_he_id_5578,22,Percentage,0.0,13943.799569821313,seed_master_data_and_settings.company_jinasena_agricultural_machinery
import_rfq_charge_li_id_12335,BankCharge,Charges,1,10,Jinasena_MasterData_Purchase.import_rfq_charge_he_id_5557,1,Fixed Per Document,0.0,49.63600264725348,seed_master_data_and_settings.company_jinasena_agricultural_machinery
import_rfq_charge_li_id_12336,Clearing,Charges,1,10,Jinasena_MasterData_Purchase.import_rfq_charge_he_id_5558,2,Fixed Per Document,0.0,99.27200529450695,seed_master_data_and_settings.company_jinasena_agricultural_machinery
import_rfq_charge_li_id_12337,Freight & Ex work,Charges,1,10,Jinasena_MasterData_Purchase.import_rfq_charge_he_id_5559,3,Fixed Per Document,0.0,198.5440105890139,seed_master_data_and_settings.company_jinasena_agricultural_machinery
import_rfq_charge_li_id_12338,Insurance,Charges,1,10,Jinasena_MasterData_Purchase.import_rfq_charge_he_id_5560,4,Fixed Per Document,0.0,248.18001323626737,seed_master_data_and_settings.company_jinasena_agricultural_machinery
import_rfq_charge_li_id_12339,Misc,Charges,1,10,Jinasena_MasterData_Purchase.import_rfq_charge_he_id_5561,5,Fixed Per Document,0.0,297.81601588352083,seed_master_data_and_settings.company_jinasena_agricultural_machinery
import_rfq_charge_li_id_12340,Sup.Bank Charge,Charges,1,10,Jinasena_MasterData_Purchase.import_rfq_charge_he_id_5562,6,Fixed Per Document,0.0,446.7240238252813,seed_master_data_and_settings.company_jinasena_agricultural_machinery
import_rfq_charge_li_id_12341,Pallet Charges,Charges,1,10,Jinasena_MasterData_Purchase.import_rfq_charge_he_id_5563,7,Fixed Per Document,0.0,397.0880211780278,seed_master_data_and_settings.company_jinasena_agricultural_machinery
import_rfq_charge_li_id_12342,Document Charges,Charges,1,10,Jinasena_MasterData_Purchase.import_rfq_charge_he_id_5564,8,Fixed Per Document,0.0,148.90800794176042,seed_master_data_and_settings.company_jinasena_agricultural_machinery
import_rfq_charge_li_id_12343,Other,Charges,1,10,Jinasena_MasterData_Purchase.import_rfq_charge_he_id_5565,9,Fixed Per Document,0.0,347.45201853077435,seed_master_data_and_settings.company_jinasena_agricultural_machinery
import_rfq_charge_li_id_12344,CID,Duty,1,10,Jinasena_MasterData_Purchase.import_rfq_charge_he_id_5566,10,Percentage,0.0,12881.982686962276,seed_master_data_and_settings.company_jinasena_agricultural_machinery
import_rfq_charge_li_id_12345,EIC,Duty,1,10,Jinasena_MasterData_Purchase.import_rfq_charge_he_id_5567,11,Percentage,0.0,19159.220013236267,seed_master_data_and_settings.company_jinasena_agricultural_machinery
import_rfq_charge_li_id_12346,ESC,Duty,1,10,Jinasena_MasterData_Purchase.import_rfq_charge_he_id_5568,12,Percentage,0.0,0.0,seed_master_data_and_settings.company_jinasena_agricultural_machinery
import_rfq_charge_li_id_12347,Excise,Duty,1,10,Jinasena_MasterData_Purchase.import_rfq_charge_he_id_5569,13,Percentage,0.0,0.0,seed_master_data_and_settings.company_jinasena_agricultural_machinery
import_rfq_charge_li_id_12348,PAL,Duty,1,10,Jinasena_MasterData_Purchase.import_rfq_charge_he_id_5570,14,Percentage,0.0,54584.67240238253,seed_master_data_and_settings.company_jinasena_agricultural_machinery
import_rfq_charge_li_id_12349,RIDL,Duty,1,10,Jinasena_MasterData_Purchase.import_rfq_charge_he_id_5571,15,Percentage,0.0,0.0,seed_master_data_and_settings.company_jinasena_agricultural_machinery
import_rfq_charge_li_id_12350,SRL,Duty,1,10,Jinasena_MasterData_Purchase.import_rfq_charge_he_id_5572,16,Percentage,0.0,0.0,seed_master_data_and_settings.company_jinasena_agricultural_machinery
import_rfq_charge_li_id_12351,Surcharge,Duty,1,10,Jinasena_MasterData_Purchase.import_rfq_charge_he_id_5573,17,Percentage,0.0,0.0,seed_master_data_and_settings.company_jinasena_agricultural_machinery
import_rfq_charge_li_id_12352,NBT,Taxes,1,10,Jinasena_MasterData_Purchase.import_rfq_charge_he_id_5574,18,Percentage,0.0,0.0,seed_master_data_and_settings.company_jinasena_agricultural_machinery
import_rfq_charge_li_id_12353,NBT-N,Taxes,1,10,Jinasena_MasterData_Purchase.import_rfq_charge_he_id_5575,19,Percentage,0.0,0.0,seed_master_data_and_settings.company_jinasena_agricultural_machinery
import_rfq_charge_li_id_12354,VAT-on-Item,Taxes,1,10,Jinasena_MasterData_Purchase.import_rfq_charge_he_id_5576,20,Percentage,0.0,0.0,seed_master_data_and_settings.company_jinasena_agricultural_machinery
import_rfq_charge_li_id_12355,VAT-on-GL,Taxes,1,10,Jinasena_MasterData_Purchase.import_rfq_charge_he_id_5577,21,Percentage,0.0,123670.30887518199,seed_master_data_and_settings.company_jinasena_agricultural_machinery
import_rfq_charge_li_id_12356,SSCL,Taxes,1,10,Jinasena_MasterData_Purchase.import_rfq_charge_he_id_5578,22,Percentage,0.0,17176.43178821972,seed_master_data_and_settings.company_jinasena_agricultural_machinery
import_rfq_charge_li_id_12357,BankCharge,Charges,1,10,Jinasena_MasterData_Purchase.import_rfq_charge_he_id_5579,1,Fixed Per Document,0.0,24.72727272727273,seed_master_data_and_settings.company_jinasena_agricultural_machinery
import_rfq_charge_li_id_12358,Clearing,Charges,1,10,Jinasena_MasterData_Purchase.import_rfq_charge_he_id_5580,2,Fixed Per Document,0.0,49.45454545454546,seed_master_data_and_settings.company_jinasena_agricultural_machinery
import_rfq_charge_li_id_12359,Freight & Ex work,Charges,1,10,Jinasena_MasterData_Purchase.import_rfq_charge_he_id_5581,3,Fixed Per Document,0.0,74.18181818181819,seed_master_data_and_settings.company_jinasena_agricultural_machinery
import_rfq_charge_li_id_12360,Insurance,Charges,1,10,Jinasena_MasterData_Purchase.import_rfq_charge_he_id_5582,4,Fixed Per Document,0.0,0.0,seed_master_data_and_settings.company_jinasena_agricultural_machinery
import_rfq_charge_li_id_12361,Misc,Charges,1,10,Jinasena_MasterData_Purchase.import_rfq_charge_he_id_5583,5,Fixed Per Document,0.0,0.0,seed_master_data_and_settings.company_jinasena_agricultural_machinery
import_rfq_charge_li_id_12362,Sup.Bank Charge,Charges,1,10,Jinasena_MasterData_Purchase.import_rfq_charge_he_id_5584,6,Fixed Per Document,0.0,0.0,seed_master_data_and_settings.company_jinasena_agricultural_machinery
import_rfq_charge_li_id_12363,Pallet Charges,Charges,1,10,Jinasena_MasterData_Purchase.import_rfq_charge_he_id_5585,7,Fixed Per Document,0.0,0.0,seed_master_data_and_settings.company_jinasena_agricultural_machinery
import_rfq_charge_li_id_12364,Document Charges,Charges,1,10,Jinasena_MasterData_Purchase.import_rfq_charge_he_id_5586,8,Fixed Per Document,0.0,0.0,seed_master_data_and_settings.company_jinasena_agricultural_machinery
import_rfq_charge_li_id_12365,Other,Charges,1,10,Jinasena_MasterData_Purchase.import_rfq_charge_he_id_5587,9,Fixed Per Document,0.0,0.0,seed_master_data_and_settings.company_jinasena_agricultural_machinery
import_rfq_charge_li_id_12366,CID,Duty,1,10,Jinasena_MasterData_Purchase.import_rfq_charge_he_id_5588,10,Percentage,0.0,3553.550690909091,seed_master_data_and_settings.company_jinasena_agricultural_machinery
import_rfq_charge_li_id_12367,EIC,Duty,1,10,Jinasena_MasterData_Purchase.import_rfq_charge_he_id_5589,11,Percentage,0.0,5285.153781818182,seed_master_data_and_settings.company_jinasena_agricultural_machinery
import_rfq_charge_li_id_12368,ESC,Duty,1,10,Jinasena_MasterData_Purchase.import_rfq_charge_he_id_5590,12,Percentage,0.0,0.0,seed_master_data_and_settings.company_jinasena_agricultural_machinery
import_rfq_charge_li_id_12369,Excise,Duty,1,10,Jinasena_MasterData_Purchase.import_rfq_charge_he_id_5591,13,Percentage,0.0,0.0,seed_master_data_and_settings.company_jinasena_agricultural_machinery
import_rfq_charge_li_id_12370,PAL,Duty,1,10,Jinasena_MasterData_Purchase.import_rfq_charge_he_id_5592,14,Percentage,0.0,15057.418181818182,seed_master_data_and_settings.company_jinasena_agricultural_machinery
import_rfq_charge_li_id_12371,RIDL,Duty,1,10,Jinasena_MasterData_Purchase.import_rfq_charge_he_id_5593,15,Percentage,0.0,0.0,seed_master_data_and_settings.company_jinasena_agricultural_machinery
import_rfq_charge_li_id_12372,SRL,Duty,1,10,Jinasena_MasterData_Purchase.import_rfq_charge_he_id_5594,16,Percentage,0.0,0.0,seed_master_data_and_settings.company_jinasena_agricultural_machinery
import_rfq_charge_li_id_12373,Surcharge,Duty,1,10,Jinasena_MasterData_Purchase.import_rfq_charge_he_id_5595,17,Percentage,0.0,0.0,seed_master_data_and_settings.company_jinasena_agricultural_machinery
import_rfq_charge_li_id_12374,NBT,Taxes,1,10,Jinasena_MasterData_Purchase.import_rfq_charge_he_id_5596,18,Percentage,0.0,0.0,seed_master_data_and_settings.company_jinasena_agricultural_machinery
import_rfq_charge_li_id_12375,NBT-N,Taxes,1,10,Jinasena_MasterData_Purchase.import_rfq_charge_he_id_5597,19,Percentage,0.0,0.0,seed_master_data_and_settings.company_jinasena_agricultural_machinery
import_rfq_charge_li_id_12376,VAT-on-Item,Taxes,1,10,Jinasena_MasterData_Purchase.import_rfq_charge_he_id_5598,20,Percentage,0.0,0.0,seed_master_data_and_settings.company_jinasena_agricultural_machinery
import_rfq_charge_li_id_12377,VAT-on-GL,Taxes,1,10,Jinasena_MasterData_Purchase.import_rfq_charge_he_id_5599,21,Percentage,0.0,34114.99007781818,seed_master_data_and_settings.company_jinasena_agricultural_machinery
import_rfq_charge_li_id_12378,SSCL,Taxes,1,10,Jinasena_MasterData_Purchase.import_rfq_charge_he_id_5600,22,Percentage,0.0,4738.193066363637,seed_master_data_and_settings.company_jinasena_agricultural_machinery
import_rfq_charge_li_id_12379,BankCharge,Charges,1,10,Jinasena_MasterData_Purchase.import_rfq_charge_he_id_5579,1,Fixed Per Document,0.0,27.999999999999996,seed_master_data_and_settings.company_jinasena_agricultural_machinery
import_rfq_charge_li_id_12380,Clearing,Charges,1,10,Jinasena_MasterData_Purchase.import_rfq_charge_he_id_5580,2,Fixed Per Document,0.0,55.99999999999999,seed_master_data_and_settings.company_jinasena_agricultural_machinery
import_rfq_charge_li_id_12381,Freight & Ex work,Charges,1,10,Jinasena_MasterData_Purchase.import_rfq_charge_he_id_5581,3,Fixed Per Document,0.0,84.0,seed_master_data_and_settings.company_jinasena_agricultural_machinery
import_rfq_charge_li_id_12382,Insurance,Charges,1,10,Jinasena_MasterData_Purchase.import_rfq_charge_he_id_5582,4,Fixed Per Document,0.0,0.0,seed_master_data_and_settings.company_jinasena_agricultural_machinery
import_rfq_charge_li_id_12383,Misc,Charges,1,10,Jinasena_MasterData_Purchase.import_rfq_charge_he_id_5583,5,Fixed Per Document,0.0,0.0,seed_master_data_and_settings.company_jinasena_agricultural_machinery
import_rfq_charge_li_id_12384,Sup.Bank Charge,Charges,1,10,Jinasena_MasterData_Purchase.import_rfq_charge_he_id_5584,6,Fixed Per Document,0.0,0.0,seed_master_data_and_settings.company_jinasena_agricultural_machinery
import_rfq_charge_li_id_12385,Pallet Charges,Charges,1,10,Jinasena_MasterData_Purchase.import_rfq_charge_he_id_5585,7,Fixed Per Document,0.0,0.0,seed_master_data_and_settings.company_jinasena_agricultural_machinery
import_rfq_charge_li_id_12386,Document Charges,Charges,1,10,Jinasena_MasterData_Purchase.import_rfq_charge_he_id_5586,8,Fixed Per Document,0.0,0.0,seed_master_data_and_settings.company_jinasena_agricultural_machinery
import_rfq_charge_li_id_12387,Other,Charges,1,10,Jinasena_MasterData_Purchase.import_rfq_charge_he_id_5587,9,Fixed Per Document,0.0,0.0,seed_master_data_and_settings.company_jinasena_agricultural_machinery
import_rfq_charge_li_id_12388,CID,Duty,1,10,Jinasena_MasterData_Purchase.import_rfq_charge_he_id_5588,10,Percentage,0.0,36437.8,seed_master_data_and_settings.company_jinasena_agricultural_machinery
import_rfq_charge_li_id_12389,EIC,Duty,1,10,Jinasena_MasterData_Purchase.import_rfq_charge_he_id_5589,11,Percentage,0.0,7287.56,seed_master_data_and_settings.company_jinasena_agricultural_machinery
import_rfq_charge_li_id_12390,ESC,Duty,1,10,Jinasena_MasterData_Purchase.import_rfq_charge_he_id_5590,12,Percentage,0.0,0.0,seed_master_data_and_settings.company_jinasena_agricultural_machinery
import_rfq_charge_li_id_12391,Excise,Duty,1,10,Jinasena_MasterData_Purchase.import_rfq_charge_he_id_5591,13,Percentage,0.0,0.0,seed_master_data_and_settings.company_jinasena_agricultural_machinery
import_rfq_charge_li_id_12392,PAL,Duty,1,10,Jinasena_MasterData_Purchase.import_rfq_charge_he_id_5592,14,Percentage,0.0,13664.175,seed_master_data_and_settings.company_jinasena_agricultural_machinery
import_rfq_charge_li_id_12393,RIDL,Duty,1,10,Jinasena_MasterData_Purchase.import_rfq_charge_he_id_5593,15,Percentage,0.0,0.0,seed_master_data_and_settings.company_jinasena_agricultural_machinery
import_rfq_charge_li_id_12394,SRL,Duty,1,10,Jinasena_MasterData_Purchase.import_rfq_charge_he_id_5594,16,Percentage,0.0,0.0,seed_master_data_and_settings.company_jinasena_agricultural_machinery
import_rfq_charge_li_id_12395,Surcharge,Duty,1,10,Jinasena_MasterData_Purchase.import_rfq_charge_he_id_5595,17,Percentage,0.0,0.0,seed_master_data_and_settings.company_jinasena_agricultural_machinery
import_rfq_charge_li_id_12396,NBT,Taxes,1,10,Jinasena_MasterData_Purchase.import_rfq_charge_he_id_5596,18,Percentage,0.0,0.0,seed_master_data_and_settings.company_jinasena_agricultural_machinery
import_rfq_charge_li_id_12397,NBT-N,Taxes,1,10,Jinasena_MasterData_Purchase.import_rfq_charge_he_id_5597,19,Percentage,0.0,0.0,seed_master_data_and_settings.company_jinasena_agricultural_machinery
import_rfq_charge_li_id_12398,VAT-on-Item,Taxes,1,10,Jinasena_MasterData_Purchase.import_rfq_charge_he_id_5598,20,Percentage,0.0,0.0,seed_master_data_and_settings.company_jinasena_agricultural_machinery
import_rfq_charge_li_id_12399,VAT-on-GL,Taxes,1,10,Jinasena_MasterData_Purchase.import_rfq_charge_he_id_5599,21,Percentage,0.0,46403.5383,seed_master_data_and_settings.company_jinasena_agricultural_machinery
import_rfq_charge_li_id_12400,SSCL,Taxes,1,10,Jinasena_MasterData_Purchase.import_rfq_charge_he_id_5600,22,Percentage,0.0,6444.935875,seed_master_data_and_settings.company_jinasena_agricultural_machinery
import_rfq_charge_li_id_12401,BankCharge,Charges,1,10,Jinasena_MasterData_Purchase.import_rfq_charge_he_id_5579,1,Fixed Per Document,0.0,47.27272727272727,seed_master_data_and_settings.company_jinasena_agricultural_machinery
import_rfq_charge_li_id_12402,Clearing,Charges,1,10,Jinasena_MasterData_Purchase.import_rfq_charge_he_id_5580,2,Fixed Per Document,0.0,94.54545454545455,seed_master_data_and_settings.company_jinasena_agricultural_machinery
import_rfq_charge_li_id_12403,Freight & Ex work,Charges,1,10,Jinasena_MasterData_Purchase.import_rfq_charge_he_id_5581,3,Fixed Per Document,0.0,141.8181818181818,seed_master_data_and_settings.company_jinasena_agricultural_machinery
import_rfq_charge_li_id_12404,Insurance,Charges,1,10,Jinasena_MasterData_Purchase.import_rfq_charge_he_id_5582,4,Fixed Per Document,0.0,0.0,seed_master_data_and_settings.company_jinasena_agricultural_machinery
import_rfq_charge_li_id_12405,Misc,Charges,1,10,Jinasena_MasterData_Purchase.import_rfq_charge_he_id_5583,5,Fixed Per Document,0.0,0.0,seed_master_data_and_settings.company_jinasena_agricultural_machinery
import_rfq_charge_li_id_12406,Sup.Bank Charge,Charges,1,10,Jinasena_MasterData_Purchase.import_rfq_charge_he_id_5584,6,Fixed Per Document,0.0,0.0,seed_master_data_and_settings.company_jinasena_agricultural_machinery
import_rfq_charge_li_id_12407,Pallet Charges,Charges,1,10,Jinasena_MasterData_Purchase.import_rfq_charge_he_id_5585,7,Fixed Per Document,0.0,0.0,seed_master_data_and_settings.company_jinasena_agricultural_machinery
import_rfq_charge_li_id_12408,Document Charges,Charges,1,10,Jinasena_MasterData_Purchase.import_rfq_charge_he_id_5586,8,Fixed Per Document,0.0,0.0,seed_master_data_and_settings.company_jinasena_agricultural_machinery
import_rfq_charge_li_id_12409,Other,Charges,1,10,Jinasena_MasterData_Purchase.import_rfq_charge_he_id_5587,9,Fixed Per Document,0.0,0.0,seed_master_data_and_settings.company_jinasena_agricultural_machinery
import_rfq_charge_li_id_12410,CID,Duty,1,10,Jinasena_MasterData_Purchase.import_rfq_charge_he_id_5588,10,Percentage,0.0,5544.154909090908,seed_master_data_and_settings.company_jinasena_agricultural_machinery
import_rfq_charge_li_id_12411,EIC,Duty,1,10,Jinasena_MasterData_Purchase.import_rfq_charge_he_id_5589,11,Percentage,0.0,8245.755818181819,seed_master_data_and_settings.company_jinasena_agricultural_machinery
import_rfq_charge_li_id_12412,ESC,Duty,1,10,Jinasena_MasterData_Purchase.import_rfq_charge_he_id_5590,12,Percentage,0.0,0.0,seed_master_data_and_settings.company_jinasena_agricultural_machinery
import_rfq_charge_li_id_12413,Excise,Duty,1,10,Jinasena_MasterData_Purchase.import_rfq_charge_he_id_5591,13,Percentage,0.0,0.0,seed_master_data_and_settings.company_jinasena_agricultural_machinery
import_rfq_charge_li_id_12414,PAL,Duty,1,10,Jinasena_MasterData_Purchase.import_rfq_charge_he_id_5592,14,Percentage,0.0,23492.18181818182,seed_master_data_and_settings.company_jinasena_agricultural_machinery
import_rfq_charge_li_id_12415,RIDL,Duty,1,10,Jinasena_MasterData_Purchase.import_rfq_charge_he_id_5593,15,Percentage,0.0,0.0,seed_master_data_and_settings.company_jinasena_agricultural_machinery
import_rfq_charge_li_id_12416,SRL,Duty,1,10,Jinasena_MasterData_Purchase.import_rfq_charge_he_id_5594,16,Percentage,0.0,0.0,seed_master_data_and_settings.company_jinasena_agricultural_machinery
import_rfq_charge_li_id_12417,Surcharge,Duty,1,10,Jinasena_MasterData_Purchase.import_rfq_charge_he_id_5595,17,Percentage,0.0,0.0,seed_master_data_and_settings.company_jinasena_agricultural_machinery
import_rfq_charge_li_id_12418,NBT,Taxes,1,10,Jinasena_MasterData_Purchase.import_rfq_charge_he_id_5596,18,Percentage,0.0,0.0,seed_master_data_and_settings.company_jinasena_agricultural_machinery
import_rfq_charge_li_id_12419,NBT-N,Taxes,1,10,Jinasena_MasterData_Purchase.import_rfq_charge_he_id_5597,19,Percentage,0.0,0.0,seed_master_data_and_settings.company_jinasena_agricultural_machinery
import_rfq_charge_li_id_12420,VAT-on-Item,Taxes,1,10,Jinasena_MasterData_Purchase.import_rfq_charge_he_id_5598,20,Percentage,0.0,0.0,seed_master_data_and_settings.company_jinasena_agricultural_machinery
import_rfq_charge_li_id_12421,VAT-on-GL,Taxes,1,10,Jinasena_MasterData_Purchase.import_rfq_charge_he_id_5599,21,Percentage,0.0,53225.29665818182,seed_master_data_and_settings.company_jinasena_agricultural_machinery
import_rfq_charge_li_id_12422,SSCL,Taxes,1,10,Jinasena_MasterData_Purchase.import_rfq_charge_he_id_5600,22,Percentage,0.0,7392.402313636365,seed_master_data_and_settings.company_jinasena_agricultural_machinery
import_rfq_charge_li_id_12423,BankCharge,Charges,1,10,Jinasena_MasterData_Purchase.import_rfq_charge_he_id_5601,1,Fixed Per Document,0.0,99.99999999999999,seed_master_data_and_settings.company_jinasena_agricultural_machinery
import_rfq_charge_li_id_12424,Clearing,Charges,1,10,Jinasena_MasterData_Purchase.import_rfq_charge_he_id_5602,2,Fixed Per Document,0.0,199.99999999999997,seed_master_data_and_settings.company_jinasena_agricultural_machinery
import_rfq_charge_li_id_12425,Freight & Ex work,Charges,1,10,Jinasena_MasterData_Purchase.import_rfq_charge_he_id_5603,3,Fixed Per Document,0.0,0.0,seed_master_data_and_settings.company_jinasena_agricultural_machinery
import_rfq_charge_li_id_12426,Insurance,Charges,1,10,Jinasena_MasterData_Purchase.import_rfq_charge_he_id_5604,4,Fixed Per Document,0.0,0.0,seed_master_data_and_settings.company_jinasena_agricultural_machinery
import_rfq_charge_li_id_12427,Misc,Charges,1,10,Jinasena_MasterData_Purchase.import_rfq_charge_he_id_5605,5,Fixed Per Document,0.0,0.0,seed_master_data_and_settings.company_jinasena_agricultural_machinery
import_rfq_charge_li_id_12428,Sup.Bank Charge,Charges,1,10,Jinasena_MasterData_Purchase.import_rfq_charge_he_id_5606,6,Fixed Per Document,0.0,0.0,seed_master_data_and_settings.company_jinasena_agricultural_machinery
import_rfq_charge_li_id_12429,Pallet Charges,Charges,1,10,Jinasena_MasterData_Purchase.import_rfq_charge_he_id_5607,7,Fixed Per Document,0.0,0.0,seed_master_data_and_settings.company_jinasena_agricultural_machinery
import_rfq_charge_li_id_12430,Document Charges,Charges,1,10,Jinasena_MasterData_Purchase.import_rfq_charge_he_id_5608,8,Fixed Per Document,0.0,0.0,seed_master_data_and_settings.company_jinasena_agricultural_machinery
import_rfq_charge_li_id_12431,Other,Charges,1,10,Jinasena_MasterData_Purchase.import_rfq_charge_he_id_5609,9,Fixed Per Document,0.0,0.0,seed_master_data_and_settings.company_jinasena_agricultural_machinery
import_rfq_charge_li_id_12432,CID,Duty,1,10,Jinasena_MasterData_Purchase.import_rfq_charge_he_id_5610,10,Percentage,0.0,354.0,seed_master_data_and_settings.company_jinasena_agricultural_machinery
import_rfq_charge_li_id_12433,EIC,Duty,1,10,Jinasena_MasterData_Purchase.import_rfq_charge_he_id_5611,11,Percentage,0.0,526.5,seed_master_data_and_settings.company_jinasena_agricultural_machinery
import_rfq_charge_li_id_12434,ESC,Duty,1,10,Jinasena_MasterData_Purchase.import_rfq_charge_he_id_5612,12,Percentage,0.0,0.0,seed_master_data_and_settings.company_jinasena_agricultural_machinery
import_rfq_charge_li_id_12435,Excise,Duty,1,10,Jinasena_MasterData_Purchase.import_rfq_charge_he_id_5613,13,Percentage,0.0,0.0,seed_master_data_and_settings.company_jinasena_agricultural_machinery
import_rfq_charge_li_id_12436,PAL,Duty,1,10,Jinasena_MasterData_Purchase.import_rfq_charge_he_id_5614,14,Percentage,0.0,1500.0,seed_master_data_and_settings.company_jinasena_agricultural_machinery
import_rfq_charge_li_id_12437,RIDL,Duty,1,10,Jinasena_MasterData_Purchase.import_rfq_charge_he_id_5615,15,Percentage,0.0,0.0,seed_master_data_and_settings.company_jinasena_agricultural_machinery
import_rfq_charge_li_id_12438,SRL,Duty,1,10,Jinasena_MasterData_Purchase.import_rfq_charge_he_id_5616,16,Percentage,0.0,0.0,seed_master_data_and_settings.company_jinasena_agricultural_machinery
import_rfq_charge_li_id_12439,Surcharge,Duty,1,10,Jinasena_MasterData_Purchase.import_rfq_charge_he_id_5617,17,Percentage,0.0,0.0,seed_master_data_and_settings.company_jinasena_agricultural_machinery
import_rfq_charge_li_id_12440,NBT,Taxes,1,10,Jinasena_MasterData_Purchase.import_rfq_charge_he_id_5618,18,Percentage,0.0,0.0,seed_master_data_and_settings.company_jinasena_agricultural_machinery
import_rfq_charge_li_id_12441,NBT-N,Taxes,1,10,Jinasena_MasterData_Purchase.import_rfq_charge_he_id_5619,19,Percentage,0.0,0.0,seed_master_data_and_settings.company_jinasena_agricultural_machinery
import_rfq_charge_li_id_12442,VAT-on-Item,Taxes,1,10,Jinasena_MasterData_Purchase.import_rfq_charge_he_id_5620,20,Percentage,0.0,0.0,seed_master_data_and_settings.company_jinasena_agricultural_machinery
import_rfq_charge_li_id_12443,VAT-on-GL,Taxes,1,10,Jinasena_MasterData_Purchase.import_rfq_charge_he_id_5621,21,Percentage,0.0,3398.49,seed_master_data_and_settings.company_jinasena_agricultural_machinery
import_rfq_charge_li_id_12444,SSCL,Taxes,1,10,Jinasena_MasterData_Purchase.import_rfq_charge_he_id_5622,22,Percentage,0.0,472.01250000000005,seed_master_data_and_settings.company_jinasena_agricultural_machinery
import_rfq_charge_li_id_12445,BankCharge,Charges,1,10,Jinasena_MasterData_Purchase.import_rfq_charge_he_id_5623,1,Fixed Per Document,0.0,499.99999999999994,seed_master_data_and_settings.company_jinasena_agricultural_machinery
import_rfq_charge_li_id_12446,Clearing,Charges,1,10,Jinasena_MasterData_Purchase.import_rfq_charge_he_id_5624,2,Fixed Per Document,0.0,1200.0,seed_master_data_and_settings.company_jinasena_agricultural_machinery
import_rfq_charge_li_id_12447,Freight & Ex work,Charges,1,10,Jinasena_MasterData_Purchase.import_rfq_charge_he_id_5625,3,Fixed Per Document,0.0,0.0,seed_master_data_and_settings.company_jinasena_agricultural_machinery
import_rfq_charge_li_id_12448,Insurance,Charges,1,10,Jinasena_MasterData_Purchase.import_rfq_charge_he_id_5626,4,Fixed Per Document,0.0,0.0,seed_master_data_and_settings.company_jinasena_agricultural_machinery
import_rfq_charge_li_id_12449,Misc,Charges,1,10,Jinasena_MasterData_Purchase.import_rfq_charge_he_id_5627,5,Fixed Per Document,0.0,0.0,seed_master_data_and_settings.company_jinasena_agricultural_machinery
import_rfq_charge_li_id_12450,Sup.Bank Charge,Charges,1,10,Jinasena_MasterData_Purchase.import_rfq_charge_he_id_5628,6,Fixed Per Document,0.0,0.0,seed_master_data_and_settings.company_jinasena_agricultural_machinery
import_rfq_charge_li_id_12451,Pallet Charges,Charges,1,10,Jinasena_MasterData_Purchase.import_rfq_charge_he_id_5629,7,Fixed Per Document,0.0,0.0,seed_master_data_and_settings.company_jinasena_agricultural_machinery
import_rfq_charge_li_id_12452,Document Charges,Charges,1,10,Jinasena_MasterData_Purchase.import_rfq_charge_he_id_5630,8,Fixed Per Document,0.0,0.0,seed_master_data_and_settings.company_jinasena_agricultural_machinery
import_rfq_charge_li_id_12453,Other,Charges,1,10,Jinasena_MasterData_Purchase.import_rfq_charge_he_id_5631,9,Fixed Per Document,0.0,0.0,seed_master_data_and_settings.company_jinasena_agricultural_machinery
import_rfq_charge_li_id_12454,CID,Duty,1,10,Jinasena_MasterData_Purchase.import_rfq_charge_he_id_5632,10,Percentage,0.0,354.0,seed_master_data_and_settings.company_jinasena_agricultural_machinery
import_rfq_charge_li_id_12455,EIC,Duty,1,10,Jinasena_MasterData_Purchase.import_rfq_charge_he_id_5633,11,Percentage,0.0,526.5,seed_master_data_and_settings.company_jinasena_agricultural_machinery
import_rfq_charge_li_id_12456,ESC,Duty,1,10,Jinasena_MasterData_Purchase.import_rfq_charge_he_id_5634,12,Percentage,0.0,0.0,seed_master_data_and_settings.company_jinasena_agricultural_machinery
import_rfq_charge_li_id_12457,Excise,Duty,1,10,Jinasena_MasterData_Purchase.import_rfq_charge_he_id_5635,13,Percentage,0.0,0.0,seed_master_data_and_settings.company_jinasena_agricultural_machinery
import_rfq_charge_li_id_12458,PAL,Duty,1,10,Jinasena_MasterData_Purchase.import_rfq_charge_he_id_5636,14,Percentage,0.0,1500.0,seed_master_data_and_settings.company_jinasena_agricultural_machinery
import_rfq_charge_li_id_12459,RIDL,Duty,1,10,Jinasena_MasterData_Purchase.import_rfq_charge_he_id_5637,15,Percentage,0.0,0.0,seed_master_data_and_settings.company_jinasena_agricultural_machinery
import_rfq_charge_li_id_12460,SRL,Duty,1,10,Jinasena_MasterData_Purchase.import_rfq_charge_he_id_5638,16,Percentage,0.0,0.0,seed_master_data_and_settings.company_jinasena_agricultural_machinery
import_rfq_charge_li_id_12461,Surcharge,Duty,1,10,Jinasena_MasterData_Purchase.import_rfq_charge_he_id_5639,17,Percentage,0.0,0.0,seed_master_data_and_settings.company_jinasena_agricultural_machinery
import_rfq_charge_li_id_12462,NBT,Taxes,1,10,Jinasena_MasterData_Purchase.import_rfq_charge_he_id_5640,18,Percentage,0.0,0.0,seed_master_data_and_settings.company_jinasena_agricultural_machinery
import_rfq_charge_li_id_12463,NBT-N,Taxes,1,10,Jinasena_MasterData_Purchase.import_rfq_charge_he_id_5641,19,Percentage,0.0,0.0,seed_master_data_and_settings.company_jinasena_agricultural_machinery
import_rfq_charge_li_id_12464,VAT-on-Item,Taxes,1,10,Jinasena_MasterData_Purchase.import_rfq_charge_he_id_5642,20,Percentage,0.0,0.0,seed_master_data_and_settings.company_jinasena_agricultural_machinery
import_rfq_charge_li_id_12465,VAT-on-GL,Taxes,1,10,Jinasena_MasterData_Purchase.import_rfq_charge_he_id_5643,21,Percentage,0.0,3398.49,seed_master_data_and_settings.company_jinasena_agricultural_machinery
import_rfq_charge_li_id_12466,SSCL,Taxes,1,10,Jinasena_MasterData_Purchase.import_rfq_charge_he_id_5644,22,Percentage,0.0,472.01250000000005,seed_master_data_and_settings.company_jinasena_agricultural_machinery
import_rfq_charge_li_id_12489,BankCharge,Charges,1,10,Jinasena_MasterData_Purchase.import_rfq_charge_he_id_5645,1,Fixed Per Document,0.0,0.0,seed_master_data_and_settings.company_jinasena_agricultural_machinery
import_rfq_charge_li_id_12490,Clearing,Charges,1,10,Jinasena_MasterData_Purchase.import_rfq_charge_he_id_5646,2,Fixed Per Document,0.0,4141.0,seed_master_data_and_settings.company_jinasena_agricultural_machinery
import_rfq_charge_li_id_12491,Freight & Ex work,Charges,1,10,Jinasena_MasterData_Purchase.import_rfq_charge_he_id_5647,3,Fixed Per Document,0.0,22.0,seed_master_data_and_settings.company_jinasena_agricultural_machinery
import_rfq_charge_li_id_12492,Insurance,Charges,1,10,Jinasena_MasterData_Purchase.import_rfq_charge_he_id_5648,4,Fixed Per Document,0.0,0.0,seed_master_data_and_settings.company_jinasena_agricultural_machinery
import_rfq_charge_li_id_12493,Misc,Charges,1,10,Jinasena_MasterData_Purchase.import_rfq_charge_he_id_5649,5,Fixed Per Document,0.0,0.0,seed_master_data_and_settings.company_jinasena_agricultural_machinery
import_rfq_charge_li_id_12494,Sup.Bank Charge,Charges,1,10,Jinasena_MasterData_Purchase.import_rfq_charge_he_id_5650,6,Fixed Per Document,0.0,0.0,seed_master_data_and_settings.company_jinasena_agricultural_machinery
import_rfq_charge_li_id_12495,Pallet Charges,Charges,1,10,Jinasena_MasterData_Purchase.import_rfq_charge_he_id_5651,7,Fixed Per Document,0.0,0.0,seed_master_data_and_settings.company_jinasena_agricultural_machinery
import_rfq_charge_li_id_12496,Document Charges,Charges,1,10,Jinasena_MasterData_Purchase.import_rfq_charge_he_id_5652,8,Fixed Per Document,0.0,0.0,seed_master_data_and_settings.company_jinasena_agricultural_machinery
import_rfq_charge_li_id_12497,Other,Charges,1,10,Jinasena_MasterData_Purchase.import_rfq_charge_he_id_5653,9,Fixed Per Document,0.0,0.0,seed_master_data_and_settings.company_jinasena_agricultural_machinery
import_rfq_charge_li_id_12498,CID,Duty,1,10,Jinasena_MasterData_Purchase.import_rfq_charge_he_id_5654,10,Percentage,0.0,319.1192,seed_master_data_and_settings.company_jinasena_agricultural_machinery
import_rfq_charge_li_id_12499,EIC,Duty,1,10,Jinasena_MasterData_Purchase.import_rfq_charge_he_id_5655,11,Percentage,0.0,474.62219999999996,seed_master_data_and_settings.company_jinasena_agricultural_machinery
import_rfq_charge_li_id_12500,ESC,Duty,1,10,Jinasena_MasterData_Purchase.import_rfq_charge_he_id_5656,12,Percentage,0.0,0.0,seed_master_data_and_settings.company_jinasena_agricultural_machinery
import_rfq_charge_li_id_12501,Excise,Duty,1,10,Jinasena_MasterData_Purchase.import_rfq_charge_he_id_5657,13,Percentage,0.0,0.0,seed_master_data_and_settings.company_jinasena_agricultural_machinery
import_rfq_charge_li_id_12502,PAL,Duty,1,10,Jinasena_MasterData_Purchase.import_rfq_charge_he_id_5658,14,Percentage,0.0,1352.2,seed_master_data_and_settings.company_jinasena_agricultural_machinery
import_rfq_charge_li_id_12503,RIDL,Duty,1,10,Jinasena_MasterData_Purchase.import_rfq_charge_he_id_5659,15,Percentage,0.0,0.0,seed_master_data_and_settings.company_jinasena_agricultural_machinery
import_rfq_charge_li_id_12504,SRL,Duty,1,10,Jinasena_MasterData_Purchase.import_rfq_charge_he_id_5660,16,Percentage,0.0,0.0,seed_master_data_and_settings.company_jinasena_agricultural_machinery
import_rfq_charge_li_id_12505,Surcharge,Duty,1,10,Jinasena_MasterData_Purchase.import_rfq_charge_he_id_5661,17,Percentage,0.0,0.0,seed_master_data_and_settings.company_jinasena_agricultural_machinery
import_rfq_charge_li_id_12506,NBT,Taxes,1,10,Jinasena_MasterData_Purchase.import_rfq_charge_he_id_5662,18,Percentage,0.0,0.0,seed_master_data_and_settings.company_jinasena_agricultural_machinery
import_rfq_charge_li_id_12507,NBT-N,Taxes,1,10,Jinasena_MasterData_Purchase.import_rfq_charge_he_id_5663,19,Percentage,0.0,0.0,seed_master_data_and_settings.company_jinasena_agricultural_machinery
import_rfq_charge_li_id_12508,VAT-on-Item,Taxes,1,10,Jinasena_MasterData_Purchase.import_rfq_charge_he_id_5664,20,Percentage,0.0,0.0,seed_master_data_and_settings.company_jinasena_agricultural_machinery
import_rfq_charge_li_id_12509,VAT-on-GL,Taxes,1,10,Jinasena_MasterData_Purchase.import_rfq_charge_he_id_5665,21,Percentage,0.0,3063.6254519999998,seed_master_data_and_settings.company_jinasena_agricultural_machinery
import_rfq_charge_li_id_12510,SSCL,Taxes,1,10,Jinasena_MasterData_Purchase.import_rfq_charge_he_id_5666,22,Percentage,0.0,425.50353500000006,seed_master_data_and_settings.company_jinasena_agricultural_machinery
import_rfq_charge_li_id_12520,BankCharge,Charges,1,10,Jinasena_MasterData_Purchase.import_rfq_charge_he_id_5667,1,Fixed Per Document,0.0,41.1764705882353,seed_master_data_and_settings.company_jinasena_agricultural_machinery
import_rfq_charge_li_id_12521,Clearing,Charges,1,10,Jinasena_MasterData_Purchase.import_rfq_charge_he_id_5668,2,Fixed Per Document,0.0,61.76470588235294,seed_master_data_and_settings.company_jinasena_agricultural_machinery
import_rfq_charge_li_id_12522,Freight & Ex work,Charges,1,10,Jinasena_MasterData_Purchase.import_rfq_charge_he_id_5669,3,Fixed Per Document,0.0,49.411764705882355,seed_master_data_and_settings.company_jinasena_agricultural_machinery
import_rfq_charge_li_id_12523,Insurance,Charges,1,10,Jinasena_MasterData_Purchase.import_rfq_charge_he_id_5670,4,Fixed Per Document,0.0,53.529411764705884,seed_master_data_and_settings.company_jinasena_agricultural_machinery
import_rfq_charge_li_id_12524,Misc,Charges,1,10,Jinasena_MasterData_Purchase.import_rfq_charge_he_id_5671,5,Fixed Per Document,0.0,37.05882352941177,seed_master_data_and_settings.company_jinasena_agricultural_machinery
import_rfq_charge_li_id_12525,Sup.Bank Charge,Charges,1,10,Jinasena_MasterData_Purchase.import_rfq_charge_he_id_5672,6,Fixed Per Document,0.0,0.0,seed_master_data_and_settings.company_jinasena_agricultural_machinery
import_rfq_charge_li_id_12526,Pallet Charges,Charges,1,10,Jinasena_MasterData_Purchase.import_rfq_charge_he_id_5673,7,Fixed Per Document,0.0,0.0,seed_master_data_and_settings.company_jinasena_agricultural_machinery
import_rfq_charge_li_id_12527,Document Charges,Charges,1,10,Jinasena_MasterData_Purchase.import_rfq_charge_he_id_5674,8,Fixed Per Document,0.0,0.0,seed_master_data_and_settings.company_jinasena_agricultural_machinery
import_rfq_charge_li_id_12528,Other,Charges,1,10,Jinasena_MasterData_Purchase.import_rfq_charge_he_id_5675,9,Fixed Per Document,0.0,0.0,seed_master_data_and_settings.company_jinasena_agricultural_machinery
import_rfq_charge_li_id_12529,CID,Duty,1,10,Jinasena_MasterData_Purchase.import_rfq_charge_he_id_5676,10,Percentage,0.0,0.0,seed_master_data_and_settings.company_jinasena_agricultural_machinery
import_rfq_charge_li_id_12530,EIC,Duty,1,10,Jinasena_MasterData_Purchase.import_rfq_charge_he_id_5677,11,Percentage,0.0,0.0,seed_master_data_and_settings.company_jinasena_agricultural_machinery
import_rfq_charge_li_id_12531,ESC,Duty,1,10,Jinasena_MasterData_Purchase.import_rfq_charge_he_id_5678,12,Percentage,0.0,0.0,seed_master_data_and_settings.company_jinasena_agricultural_machinery
import_rfq_charge_li_id_12532,Excise,Duty,1,10,Jinasena_MasterData_Purchase.import_rfq_charge_he_id_5679,13,Percentage,0.0,0.0,seed_master_data_and_settings.company_jinasena_agricultural_machinery
import_rfq_charge_li_id_12533,PAL,Duty,1,10,Jinasena_MasterData_Purchase.import_rfq_charge_he_id_5680,14,Percentage,0.0,805.1470588235294,seed_master_data_and_settings.company_jinasena_agricultural_machinery
import_rfq_charge_li_id_12534,RIDL,Duty,1,10,Jinasena_MasterData_Purchase.import_rfq_charge_he_id_5681,15,Percentage,0.0,0.0,seed_master_data_and_settings.company_jinasena_agricultural_machinery
import_rfq_charge_li_id_12535,SRL,Duty,1,10,Jinasena_MasterData_Purchase.import_rfq_charge_he_id_5682,16,Percentage,0.0,0.0,seed_master_data_and_settings.company_jinasena_agricultural_machinery
import_rfq_charge_li_id_12536,Surcharge,Duty,1,10,Jinasena_MasterData_Purchase.import_rfq_charge_he_id_5683,17,Percentage,0.0,0.0,seed_master_data_and_settings.company_jinasena_agricultural_machinery
import_rfq_charge_li_id_12537,NBT,Taxes,1,10,Jinasena_MasterData_Purchase.import_rfq_charge_he_id_5684,18,Percentage,0.0,0.0,seed_master_data_and_settings.company_jinasena_agricultural_machinery
import_rfq_charge_li_id_12538,NBT-N,Taxes,1,10,Jinasena_MasterData_Purchase.import_rfq_charge_he_id_5685,19,Percentage,0.0,0.0,seed_master_data_and_settings.company_jinasena_agricultural_machinery
import_rfq_charge_li_id_12539,VAT-on-Item,Taxes,1,10,Jinasena_MasterData_Purchase.import_rfq_charge_he_id_5686,20,Percentage,0.0,0.0,seed_master_data_and_settings.company_jinasena_agricultural_machinery
import_rfq_charge_li_id_12540,VAT-on-GL,Taxes,1,10,Jinasena_MasterData_Purchase.import_rfq_charge_he_id_5687,21,Percentage,0.0,3333.3088235294113,seed_master_data_and_settings.company_jinasena_agricultural_machinery
import_rfq_charge_li_id_12541,SSCL,Taxes,1,10,Jinasena_MasterData_Purchase.import_rfq_charge_he_id_5688,22,Percentage,0.0,462.9595588235294,seed_master_data_and_settings.company_jinasena_agricultural_machinery
import_rfq_charge_li_id_12542,BankCharge,Charges,1,10,Jinasena_MasterData_Purchase.import_rfq_charge_he_id_5667,1,Fixed Per Document,0.0,58.8235294117647,seed_master_data_and_settings.company_jinasena_agricultural_machinery
import_rfq_charge_li_id_12543,Clearing,Charges,1,10,Jinasena_MasterData_Purchase.import_rfq_charge_he_id_5668,2,Fixed Per Document,0.0,88.23529411764706,seed_master_data_and_settings.company_jinasena_agricultural_machinery
import_rfq_charge_li_id_12544,Freight & Ex work,Charges,1,10,Jinasena_MasterData_Purchase.import_rfq_charge_he_id_5669,3,Fixed Per Document,0.0,70.58823529411765,seed_master_data_and_settings.company_jinasena_agricultural_machinery
import_rfq_charge_li_id_12545,Insurance,Charges,1,10,Jinasena_MasterData_Purchase.import_rfq_charge_he_id_5670,4,Fixed Per Document,0.0,76.47058823529412,seed_master_data_and_settings.company_jinasena_agricultural_machinery
import_rfq_charge_li_id_12546,Misc,Charges,1,10,Jinasena_MasterData_Purchase.import_rfq_charge_he_id_5671,5,Fixed Per Document,0.0,52.94117647058823,seed_master_data_and_settings.company_jinasena_agricultural_machinery
import_rfq_charge_li_id_12547,Sup.Bank Charge,Charges,1,10,Jinasena_MasterData_Purchase.import_rfq_charge_he_id_5672,6,Fixed Per Document,0.0,0.0,seed_master_data_and_settings.company_jinasena_agricultural_machinery
import_rfq_charge_li_id_12548,Pallet Charges,Charges,1,10,Jinasena_MasterData_Purchase.import_rfq_charge_he_id_5673,7,Fixed Per Document,0.0,0.0,seed_master_data_and_settings.company_jinasena_agricultural_machinery
import_rfq_charge_li_id_12549,Document Charges,Charges,1,10,Jinasena_MasterData_Purchase.import_rfq_charge_he_id_5674,8,Fixed Per Document,0.0,0.0,seed_master_data_and_settings.company_jinasena_agricultural_machinery
import_rfq_charge_li_id_12550,Other,Charges,1,10,Jinasena_MasterData_Purchase.import_rfq_charge_he_id_5675,9,Fixed Per Document,0.0,0.0,seed_master_data_and_settings.company_jinasena_agricultural_machinery
import_rfq_charge_li_id_12551,CID,Duty,1,10,Jinasena_MasterData_Purchase.import_rfq_charge_he_id_5676,10,Percentage,0.0,0.0,seed_master_data_and_settings.company_jinasena_agricultural_machinery
import_rfq_charge_li_id_12552,EIC,Duty,1,10,Jinasena_MasterData_Purchase.import_rfq_charge_he_id_5677,11,Percentage,0.0,0.0,seed_master_data_and_settings.company_jinasena_agricultural_machinery
import_rfq_charge_li_id_12553,ESC,Duty,1,10,Jinasena_MasterData_Purchase.import_rfq_charge_he_id_5678,12,Percentage,0.0,0.0,seed_master_data_and_settings.company_jinasena_agricultural_machinery
import_rfq_charge_li_id_12554,Excise,Duty,1,10,Jinasena_MasterData_Purchase.import_rfq_charge_he_id_5679,13,Percentage,0.0,0.0,seed_master_data_and_settings.company_jinasena_agricultural_machinery
import_rfq_charge_li_id_12555,PAL,Duty,1,10,Jinasena_MasterData_Purchase.import_rfq_charge_he_id_5680,14,Percentage,0.0,967.3529411764707,seed_master_data_and_settings.company_jinasena_agricultural_machinery
import_rfq_charge_li_id_12556,RIDL,Duty,1,10,Jinasena_MasterData_Purchase.import_rfq_charge_he_id_5681,15,Percentage,0.0,0.0,seed_master_data_and_settings.company_jinasena_agricultural_machinery
import_rfq_charge_li_id_12557,SRL,Duty,1,10,Jinasena_MasterData_Purchase.import_rfq_charge_he_id_5682,16,Percentage,0.0,0.0,seed_master_data_and_settings.company_jinasena_agricultural_machinery
import_rfq_charge_li_id_12558,Surcharge,Duty,1,10,Jinasena_MasterData_Purchase.import_rfq_charge_he_id_5683,17,Percentage,0.0,0.0,seed_master_data_and_settings.company_jinasena_agricultural_machinery
import_rfq_charge_li_id_12559,NBT,Taxes,1,10,Jinasena_MasterData_Purchase.import_rfq_charge_he_id_5684,18,Percentage,0.0,0.0,seed_master_data_and_settings.company_jinasena_agricultural_machinery
import_rfq_charge_li_id_12560,NBT-N,Taxes,1,10,Jinasena_MasterData_Purchase.import_rfq_charge_he_id_5685,19,Percentage,0.0,0.0,seed_master_data_and_settings.company_jinasena_agricultural_machinery
import_rfq_charge_li_id_12561,VAT-on-Item,Taxes,1,10,Jinasena_MasterData_Purchase.import_rfq_charge_he_id_5686,20,Percentage,0.0,0.0,seed_master_data_and_settings.company_jinasena_agricultural_machinery
import_rfq_charge_li_id_12562,VAT-on-GL,Taxes,1,10,Jinasena_MasterData_Purchase.import_rfq_charge_he_id_5687,21,Percentage,0.0,4004.8411764705884,seed_master_data_and_settings.company_jinasena_agricultural_machinery
import_rfq_charge_li_id_12563,SSCL,Taxes,1,10,Jinasena_MasterData_Purchase.import_rfq_charge_he_id_5688,22,Percentage,0.0,556.2279411764706,seed_master_data_and_settings.company_jinasena_agricultural_machinery
import_rfq_charge_li_id_12564,BankCharge,Charges,1,10,Jinasena_MasterData_Purchase.import_rfq_charge_he_id_5689,1,Fixed Per Document,0.0,416.6666666666667,seed_master_data_and_settings.company_jinasena_agricultural_machinery
import_rfq_charge_li_id_12565,Clearing,Charges,1,10,Jinasena_MasterData_Purchase.import_rfq_charge_he_id_5690,2,Fixed Per Document,0.0,458.3333333333333,seed_master_data_and_settings.company_jinasena_agricultural_machinery
import_rfq_charge_li_id_12566,Freight & Ex work,Charges,1,10,Jinasena_MasterData_Purchase.import_rfq_charge_he_id_5691,3,Fixed Per Document,0.0,104.16666666666667,seed_master_data_and_settings.company_jinasena_agricultural_machinery
import_rfq_charge_li_id_12567,Insurance,Charges,1,10,Jinasena_MasterData_Purchase.import_rfq_charge_he_id_5692,4,Fixed Per Document,0.0,145.83333333333334,seed_master_data_and_settings.company_jinasena_agricultural_machinery
import_rfq_charge_li_id_12568,Misc,Charges,1,10,Jinasena_MasterData_Purchase.import_rfq_charge_he_id_5693,5,Fixed Per Document,0.0,0.0,seed_master_data_and_settings.company_jinasena_agricultural_machinery
import_rfq_charge_li_id_12569,Sup.Bank Charge,Charges,1,10,Jinasena_MasterData_Purchase.import_rfq_charge_he_id_5694,6,Fixed Per Document,0.0,0.0,seed_master_data_and_settings.company_jinasena_agricultural_machinery
import_rfq_charge_li_id_12570,Pallet Charges,Charges,1,10,Jinasena_MasterData_Purchase.import_rfq_charge_he_id_5695,7,Fixed Per Document,0.0,0.0,seed_master_data_and_settings.company_jinasena_agricultural_machinery
import_rfq_charge_li_id_12571,Document Charges,Charges,1,10,Jinasena_MasterData_Purchase.import_rfq_charge_he_id_5696,8,Fixed Per Document,0.0,0.0,seed_master_data_and_settings.company_jinasena_agricultural_machinery
import_rfq_charge_li_id_12572,Other,Charges,1,10,Jinasena_MasterData_Purchase.import_rfq_charge_he_id_5697,9,Fixed Per Document,0.0,0.0,seed_master_data_and_settings.company_jinasena_agricultural_machinery
import_rfq_charge_li_id_12573,CID,Duty,1,10,Jinasena_MasterData_Purchase.import_rfq_charge_he_id_5698,10,Percentage,0.0,0.0,seed_master_data_and_settings.company_jinasena_agricultural_machinery
import_rfq_charge_li_id_12574,EIC,Duty,1,10,Jinasena_MasterData_Purchase.import_rfq_charge_he_id_5699,11,Percentage,0.0,0.0,seed_master_data_and_settings.company_jinasena_agricultural_machinery
import_rfq_charge_li_id_12575,ESC,Duty,1,10,Jinasena_MasterData_Purchase.import_rfq_charge_he_id_5700,12,Percentage,0.0,0.0,seed_master_data_and_settings.company_jinasena_agricultural_machinery
import_rfq_charge_li_id_12576,Excise,Duty,1,10,Jinasena_MasterData_Purchase.import_rfq_charge_he_id_5701,13,Percentage,0.0,0.0,seed_master_data_and_settings.company_jinasena_agricultural_machinery
import_rfq_charge_li_id_12577,PAL,Duty,1,10,Jinasena_MasterData_Purchase.import_rfq_charge_he_id_5702,14,Percentage,0.0,6252.5,seed_master_data_and_settings.company_jinasena_agricultural_machinery
import_rfq_charge_li_id_12578,RIDL,Duty,1,10,Jinasena_MasterData_Purchase.import_rfq_charge_he_id_5703,15,Percentage,0.0,0.0,seed_master_data_and_settings.company_jinasena_agricultural_machinery
import_rfq_charge_li_id_12579,SRL,Duty,1,10,Jinasena_MasterData_Purchase.import_rfq_charge_he_id_5704,16,Percentage,0.0,0.0,seed_master_data_and_settings.company_jinasena_agricultural_machinery
import_rfq_charge_li_id_12580,Surcharge,Duty,1,10,Jinasena_MasterData_Purchase.import_rfq_charge_he_id_5705,17,Percentage,0.0,0.0,seed_master_data_and_settings.company_jinasena_agricultural_machinery
import_rfq_charge_li_id_12581,NBT,Taxes,1,10,Jinasena_MasterData_Purchase.import_rfq_charge_he_id_5706,18,Percentage,0.0,0.0,seed_master_data_and_settings.company_jinasena_agricultural_machinery
import_rfq_charge_li_id_12582,NBT-N,Taxes,1,10,Jinasena_MasterData_Purchase.import_rfq_charge_he_id_5707,19,Percentage,0.0,0.0,seed_master_data_and_settings.company_jinasena_agricultural_machinery
import_rfq_charge_li_id_12583,VAT-on-Item,Taxes,1,10,Jinasena_MasterData_Purchase.import_rfq_charge_he_id_5708,20,Percentage,0.0,0.0,seed_master_data_and_settings.company_jinasena_agricultural_machinery
import_rfq_charge_li_id_12584,VAT-on-GL,Taxes,1,10,Jinasena_MasterData_Purchase.import_rfq_charge_he_id_5709,21,Percentage,0.0,25885.35,seed_master_data_and_settings.company_jinasena_agricultural_machinery
import_rfq_charge_li_id_12585,SSCL,Taxes,1,10,Jinasena_MasterData_Purchase.import_rfq_charge_he_id_5710,22,Percentage,0.0,3595.1875,seed_master_data_and_settings.company_jinasena_agricultural_machinery
import_rfq_charge_li_id_12586,BankCharge,Charges,1,10,Jinasena_MasterData_Purchase.import_rfq_charge_he_id_5689,1,Fixed Per Document,0.0,583.3333333333334,seed_master_data_and_settings.company_jinasena_agricultural_machinery
import_rfq_charge_li_id_12587,Clearing,Charges,1,10,Jinasena_MasterData_Purchase.import_rfq_charge_he_id_5690,2,Fixed Per Document,0.0,641.6666666666666,seed_master_data_and_settings.company_jinasena_agricultural_machinery
import_rfq_charge_li_id_12588,Freight & Ex work,Charges,1,10,Jinasena_MasterData_Purchase.import_rfq_charge_he_id_5691,3,Fixed Per Document,0.0,145.83333333333334,seed_master_data_and_settings.company_jinasena_agricultural_machinery
import_rfq_charge_li_id_12589,Insurance,Charges,1,10,Jinasena_MasterData_Purchase.import_rfq_charge_he_id_5692,4,Fixed Per Document,0.0,204.16666666666666,seed_master_data_and_settings.company_jinasena_agricultural_machinery
import_rfq_charge_li_id_12590,Misc,Charges,1,10,Jinasena_MasterData_Purchase.import_rfq_charge_he_id_5693,5,Fixed Per Document,0.0,0.0,seed_master_data_and_settings.company_jinasena_agricultural_machinery
import_rfq_charge_li_id_12591,Sup.Bank Charge,Charges,1,10,Jinasena_MasterData_Purchase.import_rfq_charge_he_id_5694,6,Fixed Per Document,0.0,0.0,seed_master_data_and_settings.company_jinasena_agricultural_machinery
import_rfq_charge_li_id_12592,Pallet Charges,Charges,1,10,Jinasena_MasterData_Purchase.import_rfq_charge_he_id_5695,7,Fixed Per Document,0.0,0.0,seed_master_data_and_settings.company_jinasena_agricultural_machinery
import_rfq_charge_li_id_12593,Document Charges,Charges,1,10,Jinasena_MasterData_Purchase.import_rfq_charge_he_id_5696,8,Fixed Per Document,0.0,0.0,seed_master_data_and_settings.company_jinasena_agricultural_machinery
import_rfq_charge_li_id_12594,Other,Charges,1,10,Jinasena_MasterData_Purchase.import_rfq_charge_he_id_5697,9,Fixed Per Document,0.0,0.0,seed_master_data_and_settings.company_jinasena_agricultural_machinery
import_rfq_charge_li_id_12595,CID,Duty,1,10,Jinasena_MasterData_Purchase.import_rfq_charge_he_id_5698,10,Percentage,0.0,0.0,seed_master_data_and_settings.company_jinasena_agricultural_machinery
import_rfq_charge_li_id_12596,EIC,Duty,1,10,Jinasena_MasterData_Purchase.import_rfq_charge_he_id_5699,11,Percentage,0.0,0.0,seed_master_data_and_settings.company_jinasena_agricultural_machinery
import_rfq_charge_li_id_12597,ESC,Duty,1,10,Jinasena_MasterData_Purchase.import_rfq_charge_he_id_5700,12,Percentage,0.0,0.0,seed_master_data_and_settings.company_jinasena_agricultural_machinery
import_rfq_charge_li_id_12598,Excise,Duty,1,10,Jinasena_MasterData_Purchase.import_rfq_charge_he_id_5701,13,Percentage,0.0,0.0,seed_master_data_and_settings.company_jinasena_agricultural_machinery
import_rfq_charge_li_id_12599,PAL,Duty,1,10,Jinasena_MasterData_Purchase.import_rfq_charge_he_id_5702,14,Percentage,0.0,5297.5,seed_master_data_and_settings.company_jinasena_agricultural_machinery
import_rfq_charge_li_id_12600,RIDL,Duty,1,10,Jinasena_MasterData_Purchase.import_rfq_charge_he_id_5703,15,Percentage,0.0,0.0,seed_master_data_and_settings.company_jinasena_agricultural_machinery
import_rfq_charge_li_id_12601,SRL,Duty,1,10,Jinasena_MasterData_Purchase.import_rfq_charge_he_id_5704,16,Percentage,0.0,0.0,seed_master_data_and_settings.company_jinasena_agricultural_machinery
import_rfq_charge_li_id_12602,Surcharge,Duty,1,10,Jinasena_MasterData_Purchase.import_rfq_charge_he_id_5705,17,Percentage,0.0,0.0,seed_master_data_and_settings.company_jinasena_agricultural_machinery
import_rfq_charge_li_id_12603,NBT,Taxes,1,10,Jinasena_MasterData_Purchase.import_rfq_charge_he_id_5706,18,Percentage,0.0,0.0,seed_master_data_and_settings.company_jinasena_agricultural_machinery
import_rfq_charge_li_id_12604,NBT-N,Taxes,1,10,Jinasena_MasterData_Purchase.import_rfq_charge_he_id_5707,19,Percentage,0.0,0.0,seed_master_data_and_settings.company_jinasena_agricultural_machinery
import_rfq_charge_li_id_12605,VAT-on-Item,Taxes,1,10,Jinasena_MasterData_Purchase.import_rfq_charge_he_id_5708,20,Percentage,0.0,0.0,seed_master_data_and_settings.company_jinasena_agricultural_machinery
import_rfq_charge_li_id_12606,VAT-on-GL,Taxes,1,10,Jinasena_MasterData_Purchase.import_rfq_charge_he_id_5709,21,Percentage,0.0,21931.649999999998,seed_master_data_and_settings.company_jinasena_agricultural_machinery
import_rfq_charge_li_id_12607,SSCL,Taxes,1,10,Jinasena_MasterData_Purchase.import_rfq_charge_he_id_5710,22,Percentage,0.0,3046.0625,seed_master_data_and_settings.company_jinasena_agricultural_machinery
import_rfq_charge_li_id_12608,BankCharge,Charges,1,10,Jinasena_MasterData_Purchase.import_rfq_charge_he_id_5711,1,Fixed Per Document,0.0,45.833333333333336,seed_master_data_and_settings.company_jinasena_agricultural_machinery
import_rfq_charge_li_id_12609,Clearing,Charges,1,10,Jinasena_MasterData_Purchase.import_rfq_charge_he_id_5712,2,Fixed Per Document,0.0,50.0,seed_master_data_and_settings.company_jinasena_agricultural_machinery
import_rfq_charge_li_id_12610,Freight & Ex work,Charges,1,10,Jinasena_MasterData_Purchase.import_rfq_charge_he_id_5713,3,Fixed Per Document,0.0,54.166666666666664,seed_master_data_and_settings.company_jinasena_agricultural_machinery
import_rfq_charge_li_id_12611,Insurance,Charges,1,10,Jinasena_MasterData_Purchase.import_rfq_charge_he_id_5714,4,Fixed Per Document,0.0,58.333333333333336,seed_master_data_and_settings.company_jinasena_agricultural_machinery
import_rfq_charge_li_id_12612,Misc,Charges,1,10,Jinasena_MasterData_Purchase.import_rfq_charge_he_id_5715,5,Fixed Per Document,0.0,62.5,seed_master_data_and_settings.company_jinasena_agricultural_machinery
import_rfq_charge_li_id_12613,Sup.Bank Charge,Charges,1,10,Jinasena_MasterData_Purchase.import_rfq_charge_he_id_5716,6,Fixed Per Document,0.0,0.0,seed_master_data_and_settings.company_jinasena_agricultural_machinery
import_rfq_charge_li_id_12614,Pallet Charges,Charges,1,10,Jinasena_MasterData_Purchase.import_rfq_charge_he_id_5717,7,Fixed Per Document,0.0,0.0,seed_master_data_and_settings.company_jinasena_agricultural_machinery
import_rfq_charge_li_id_12615,Document Charges,Charges,1,10,Jinasena_MasterData_Purchase.import_rfq_charge_he_id_5718,8,Fixed Per Document,0.0,0.0,seed_master_data_and_settings.company_jinasena_agricultural_machinery
import_rfq_charge_li_id_12616,Other,Charges,1,10,Jinasena_MasterData_Purchase.import_rfq_charge_he_id_5719,9,Fixed Per Document,0.0,0.0,seed_master_data_and_settings.company_jinasena_agricultural_machinery
import_rfq_charge_li_id_12617,CID,Duty,1,10,Jinasena_MasterData_Purchase.import_rfq_charge_he_id_5720,10,Percentage,0.0,0.0,seed_master_data_and_settings.company_jinasena_agricultural_machinery
import_rfq_charge_li_id_12618,EIC,Duty,1,10,Jinasena_MasterData_Purchase.import_rfq_charge_he_id_5721,11,Percentage,0.0,0.0,seed_master_data_and_settings.company_jinasena_agricultural_machinery
import_rfq_charge_li_id_12619,ESC,Duty,1,10,Jinasena_MasterData_Purchase.import_rfq_charge_he_id_5722,12,Percentage,0.0,0.0,seed_master_data_and_settings.company_jinasena_agricultural_machinery
import_rfq_charge_li_id_12620,Excise,Duty,1,10,Jinasena_MasterData_Purchase.import_rfq_charge_he_id_5723,13,Percentage,0.0,0.0,seed_master_data_and_settings.company_jinasena_agricultural_machinery
import_rfq_charge_li_id_12621,PAL,Duty,1,10,Jinasena_MasterData_Purchase.import_rfq_charge_he_id_5724,14,Percentage,0.0,793.125,seed_master_data_and_settings.company_jinasena_agricultural_machinery
import_rfq_charge_li_id_12622,RIDL,Duty,1,10,Jinasena_MasterData_Purchase.import_rfq_charge_he_id_5725,15,Percentage,0.0,0.0,seed_master_data_and_settings.company_jinasena_agricultural_machinery
import_rfq_charge_li_id_12623,SRL,Duty,1,10,Jinasena_MasterData_Purchase.import_rfq_charge_he_id_5726,16,Percentage,0.0,0.0,seed_master_data_and_settings.company_jinasena_agricultural_machinery
import_rfq_charge_li_id_12624,Surcharge,Duty,1,10,Jinasena_MasterData_Purchase.import_rfq_charge_he_id_5727,17,Percentage,0.0,0.0,seed_master_data_and_settings.company_jinasena_agricultural_machinery
import_rfq_charge_li_id_12625,NBT,Taxes,1,10,Jinasena_MasterData_Purchase.import_rfq_charge_he_id_5728,18,Percentage,0.0,0.0,seed_master_data_and_settings.company_jinasena_agricultural_machinery
import_rfq_charge_li_id_12626,NBT-N,Taxes,1,10,Jinasena_MasterData_Purchase.import_rfq_charge_he_id_5729,19,Percentage,0.0,0.0,seed_master_data_and_settings.company_jinasena_agricultural_machinery
import_rfq_charge_li_id_12627,VAT-on-Item,Taxes,1,10,Jinasena_MasterData_Purchase.import_rfq_charge_he_id_5730,20,Percentage,0.0,0.0,seed_master_data_and_settings.company_jinasena_agricultural_machinery
import_rfq_charge_li_id_12628,VAT-on-GL,Taxes,1,10,Jinasena_MasterData_Purchase.import_rfq_charge_he_id_5731,21,Percentage,0.0,3283.5375,seed_master_data_and_settings.company_jinasena_agricultural_machinery
import_rfq_charge_li_id_12629,SSCL,Taxes,1,10,Jinasena_MasterData_Purchase.import_rfq_charge_he_id_5732,22,Percentage,0.0,456.046875,seed_master_data_and_settings.company_jinasena_agricultural_machinery
import_rfq_charge_li_id_12630,BankCharge,Charges,1,10,Jinasena_MasterData_Purchase.import_rfq_charge_he_id_5711,1,Fixed Per Document,0.0,64.16666666666667,seed_master_data_and_settings.company_jinasena_agricultural_machinery
import_rfq_charge_li_id_12631,Clearing,Charges,1,10,Jinasena_MasterData_Purchase.import_rfq_charge_he_id_5712,2,Fixed Per Document,0.0,70.0,seed_master_data_and_settings.company_jinasena_agricultural_machinery
import_rfq_charge_li_id_12632,Freight & Ex work,Charges,1,10,Jinasena_MasterData_Purchase.import_rfq_charge_he_id_5713,3,Fixed Per Document,0.0,75.83333333333333,seed_master_data_and_settings.company_jinasena_agricultural_machinery
import_rfq_charge_li_id_12633,Insurance,Charges,1,10,Jinasena_MasterData_Purchase.import_rfq_charge_he_id_5714,4,Fixed Per Document,0.0,81.66666666666667,seed_master_data_and_settings.company_jinasena_agricultural_machinery
import_rfq_charge_li_id_12634,Misc,Charges,1,10,Jinasena_MasterData_Purchase.import_rfq_charge_he_id_5715,5,Fixed Per Document,0.0,87.5,seed_master_data_and_settings.company_jinasena_agricultural_machinery
import_rfq_charge_li_id_12635,Sup.Bank Charge,Charges,1,10,Jinasena_MasterData_Purchase.import_rfq_charge_he_id_5716,6,Fixed Per Document,0.0,0.0,seed_master_data_and_settings.company_jinasena_agricultural_machinery
import_rfq_charge_li_id_12636,Pallet Charges,Charges,1,10,Jinasena_MasterData_Purchase.import_rfq_charge_he_id_5717,7,Fixed Per Document,0.0,0.0,seed_master_data_and_settings.company_jinasena_agricultural_machinery
import_rfq_charge_li_id_12637,Document Charges,Charges,1,10,Jinasena_MasterData_Purchase.import_rfq_charge_he_id_5718,8,Fixed Per Document,0.0,0.0,seed_master_data_and_settings.company_jinasena_agricultural_machinery
import_rfq_charge_li_id_12638,Other,Charges,1,10,Jinasena_MasterData_Purchase.import_rfq_charge_he_id_5719,9,Fixed Per Document,0.0,0.0,seed_master_data_and_settings.company_jinasena_agricultural_machinery
import_rfq_charge_li_id_12639,CID,Duty,1,10,Jinasena_MasterData_Purchase.import_rfq_charge_he_id_5720,10,Percentage,0.0,0.0,seed_master_data_and_settings.company_jinasena_agricultural_machinery
import_rfq_charge_li_id_12640,EIC,Duty,1,10,Jinasena_MasterData_Purchase.import_rfq_charge_he_id_5721,11,Percentage,0.0,0.0,seed_master_data_and_settings.company_jinasena_agricultural_machinery
import_rfq_charge_li_id_12641,ESC,Duty,1,10,Jinasena_MasterData_Purchase.import_rfq_charge_he_id_5722,12,Percentage,0.0,0.0,seed_master_data_and_settings.company_jinasena_agricultural_machinery
import_rfq_charge_li_id_12642,Excise,Duty,1,10,Jinasena_MasterData_Purchase.import_rfq_charge_he_id_5723,13,Percentage,0.0,0.0,seed_master_data_and_settings.company_jinasena_agricultural_machinery
import_rfq_charge_li_id_12643,PAL,Duty,1,10,Jinasena_MasterData_Purchase.import_rfq_charge_he_id_5724,14,Percentage,0.0,952.875,seed_master_data_and_settings.company_jinasena_agricultural_machinery
import_rfq_charge_li_id_12644,RIDL,Duty,1,10,Jinasena_MasterData_Purchase.import_rfq_charge_he_id_5725,15,Percentage,0.0,0.0,seed_master_data_and_settings.company_jinasena_agricultural_machinery
import_rfq_charge_li_id_12645,SRL,Duty,1,10,Jinasena_MasterData_Purchase.import_rfq_charge_he_id_5726,16,Percentage,0.0,0.0,seed_master_data_and_settings.company_jinasena_agricultural_machinery
import_rfq_charge_li_id_12646,Surcharge,Duty,1,10,Jinasena_MasterData_Purchase.import_rfq_charge_he_id_5727,17,Percentage,0.0,0.0,seed_master_data_and_settings.company_jinasena_agricultural_machinery
import_rfq_charge_li_id_12647,NBT,Taxes,1,10,Jinasena_MasterData_Purchase.import_rfq_charge_he_id_5728,18,Percentage,0.0,0.0,seed_master_data_and_settings.company_jinasena_agricultural_machinery
import_rfq_charge_li_id_12648,NBT-N,Taxes,1,10,Jinasena_MasterData_Purchase.import_rfq_charge_he_id_5729,19,Percentage,0.0,0.0,seed_master_data_and_settings.company_jinasena_agricultural_machinery
import_rfq_charge_li_id_12649,VAT-on-Item,Taxes,1,10,Jinasena_MasterData_Purchase.import_rfq_charge_he_id_5730,20,Percentage,0.0,0.0,seed_master_data_and_settings.company_jinasena_agricultural_machinery
import_rfq_charge_li_id_12650,VAT-on-GL,Taxes,1,10,Jinasena_MasterData_Purchase.import_rfq_charge_he_id_5731,21,Percentage,0.0,3944.9024999999997,seed_master_data_and_settings.company_jinasena_agricultural_machinery
import_rfq_charge_li_id_12651,SSCL,Taxes,1,10,Jinasena_MasterData_Purchase.import_rfq_charge_he_id_5732,22,Percentage,0.0,547.903125,seed_master_data_and_settings.company_jinasena_agricultural_machinery
